company_id,company_name,is_shell,entity_age_days,filings_per_year,domain_age_days,employee_mentions,credible_news_count
C0,Love-Thompson,0,1315,8.6,1300,172,39
C1,Cannon PLC,0,2576,3.97,2561,294,4
C2,"Bell, Welch and Myers",0,3567,10.45,3562,149,33
C3,Coleman Group,1,130,1.8,124,1,2
C4,Ortiz PLC,0,766,4.07,756,95,0
C5,"Young, Fields and Smith",0,3260,8.88,3239,14,41
C6,Clark Ltd,0,2972,10.69,2961,234,2
C7,Mayer Group,0,1795,9.77,1778,49,39
C8,Morgan and Sons,1,96,1.45,96,2,1
C9,Sawyer-Daniel,0,588,8.84,584,227,50
C10,Allen-Baker,0,374,5.52,356,72,7
C11,Lindsey-Hayes,0,1489,10.82,1469,19,1
C12,"Sanders, Clark and Nguyen",0,3630,2.58,3608,449,28
C13,"Benjamin, Brown and Morgan",0,3185,3.08,3174,490,4
C14,Williams-Bradley,0,1919,1.6,1896,475,13
C15,Adams LLC,0,3573,7.7,3572,343,17
C16,Frazier-Long,0,2226,7.87,2219,328,10
C17,"Cox, Baker and Andrews",1,61,1.53,59,2,2
C18,Logan-Smith,0,3325,4.42,3319,422,42
C19,"Thompson, Jones and Powell",0,3013,4.46,3002,256,27
C20,"Perez, Barker and Massey",0,976,3.84,959,416,37
C21,Jones Inc,1,17,1.35,9,2,2
C22,"King, Meza and Reed",0,2018,3.58,2005,9,12
C23,"Smith, Bennett and Rodriguez",0,3170,3.21,3154,75,42
C24,"Bass, Oconnor and Leon",0,2359,11.81,2336,61,5
C25,Brown Group,0,2247,11.75,2240,429,10
C26,Bridges-Everett,1,74,1.64,73,0,2
C27,Mccall PLC,0,1501,1.81,1484,264,36
C28,"Sampson, Peters and Moody",0,610,7.08,597,387,28
C29,Walker-Wheeler,0,1750,5.39,1734,92,12
C30,"Garcia, Mcconnell and Lane",0,2125,4.32,2116,397,9
C31,Roberts-Mcfarland,0,3028,9.84,3006,492,20
C32,Jacobs-Miller,0,1058,9.51,1051,218,44
C33,"Rodriguez, Fry and Ramirez",0,567,2.79,559,54,20
C34,Sanchez Ltd,1,157,1.34,152,1,0
C35,"Steele, Mosley and Russo",0,1060,7.99,1042,359,34
C36,"Kirby, Collier and Smith",1,146,0.31,142,2,2
C37,Cole-Thomas,0,375,11.13,361,498,40
C38,Miller-Gill,0,3185,5.45,3161,451,11
C39,"Parker, Green and Walker",0,1189,10.57,1173,349,11
C40,"Vazquez, Mahoney and Weber",1,61,0.37,60,1,0
C41,Peterson Group,0,2877,10.73,2866,241,50
C42,Farmer and Sons,0,345,8.35,334,72,36
C43,Oneill Group,0,2212,6.22,2202,337,5
C44,"Mays, Ryan and Dixon",0,2870,11.81,2847,450,16
C45,Martinez PLC,0,3270,6.85,3252,176,21
C46,Long-Bowen,1,185,1.2,179,1,0
C47,"Robbins, Russell and Marquez",1,91,1.13,82,3,2
C48,"Wright, Smith and Rogers",0,268,2.28,268,400,49
C49,Brown-Jackson,1,185,1.66,183,3,1
C50,Mitchell-Rogers,0,715,5.11,695,371,34
C51,Moore and Sons,0,170,9.57,162,243,28
C52,Jennings-Ellis,0,1007,7.8,985,473,32
C53,Jones Ltd,0,3203,4.99,3183,7,19
C54,"King, Dunlap and Hammond",0,2686,2.66,2670,261,13
C55,"Rollins, Rodriguez and Sanders",0,368,6.63,368,60,44
C56,Lopez-Schwartz,0,1494,3.58,1471,16,14
C57,Hammond Group,0,3003,3.35,2979,449,11
C58,Collins Ltd,0,1991,6.91,1971,461,23
C59,"Hess, Mcmillan and Rich",1,77,0.5,77,0,2
C60,Garcia Group,0,1192,3.7,1191,407,10
C61,Monroe-Thomas,0,3227,8.22,3211,239,7
C62,King-Larson,0,2544,10.8,2543,494,36
C63,Hayden-Sanders,0,1464,10.65,1453,247,26
C64,"Parker, Lynn and Sandoval",0,2915,7.02,2902,101,31
C65,Wise PLC,0,56,6.14,46,145,27
C66,"Owens, Bean and Klein",1,41,1.98,39,1,0
C67,Knight-Miller,0,2609,8.74,2598,149,27
C68,"Davis, Morrow and Grant",0,3081,1.12,3077,314,11
C69,"Ellis, Jackson and Ellis",0,477,10.71,470,485,35
C70,"Fleming, Lewis and Adams",0,145,2.71,130,54,5
C71,Cunningham and Sons,0,2738,2.48,2738,404,0
C72,Pierce Inc,0,1664,4.98,1651,262,32
C73,Arellano-Dixon,0,3119,5.76,3110,248,8
C74,Nguyen-Obrien,0,58,10.74,41,258,47
C75,Williams-Brown,0,2689,11.83,2685,457,25
C76,"Bradley, Miller and Simon",0,364,11.42,357,458,32
C77,"Jordan, Cooley and Wilson",0,59,3.16,40,400,19
C78,Thompson-Patton,0,1637,11.98,1624,444,22
C79,Miller LLC,0,1965,6.64,1955,315,8
C80,Jenkins LLC,0,1777,10.59,1755,413,19
C81,"Alvarez, Reeves and King",0,543,2.85,536,382,29
C82,Moore-Benton,0,2437,4.35,2434,296,49
C83,Diaz PLC,1,119,1.13,119,1,2
C84,Hunt Group,1,74,1.68,71,3,1
C85,Tyler PLC,0,3489,7.96,3486,449,8
C86,Ferguson Group,1,73,1.8,67,2,2
C87,Sloan and Sons,0,886,1.37,885,198,4
C88,Nash Ltd,0,964,5.8,964,70,11
C89,Palmer-Walker,0,544,9.11,538,278,20
C90,Ellis Inc,0,264,6.26,254,402,13
C91,Marquez LLC,0,2326,1.27,2324,269,22
C92,Cooper LLC,0,1591,11.42,1583,456,7
C93,Garza-Stanton,0,262,2.48,262,192,28
C94,Copeland-Vargas,0,1886,10.7,1886,208,50
C95,Hunter Inc,0,884,7.32,874,29,5
C96,"Harris, Weiss and Evans",0,2406,6.56,2396,194,38
C97,Brown-Martin,0,2682,6.56,2662,116,45
C98,Graham-Estrada,0,3193,2.7,3191,220,10
C99,Wiggins-Clark,0,3332,6.6,3331,199,24
C100,Jordan Ltd,0,1154,9.56,1153,320,23
C101,Cardenas Ltd,0,2629,2.58,2625,159,32
C102,Ryan-Munoz,0,710,6.49,687,68,10
C103,Mason-Hernandez,1,151,1.3,142,1,2
C104,"Williams, Lane and Morris",0,3225,2.21,3223,353,24
C105,Wong Inc,1,147,0.29,143,1,0
C106,"Jenkins, Johnson and Williams",0,513,9.51,506,16,49
C107,Lee Inc,0,560,7.67,544,220,21
C108,Carey-Smith,0,194,2.98,191,403,41
C109,Bailey-Griffith,0,1798,7.53,1784,185,14
C110,Burton-Christian,0,3106,7.68,3088,331,25
C111,"Guzman, Hansen and Reed",1,185,1.89,176,1,1
C112,Robinson-Good,0,1180,2.21,1157,351,47
C113,Barber PLC,0,1320,10.13,1302,208,20
C114,Velazquez Ltd,0,1924,4.19,1912,204,14
C115,Reynolds Ltd,0,296,7.97,289,130,24
C116,Boyd PLC,0,1148,3.23,1138,136,36
C117,Williams and Sons,0,1529,9.54,1521,204,10
C118,"Williams, Patel and Robinson",0,2920,3.13,2897,422,19
C119,Nguyen PLC,0,3069,2.08,3051,77,9
C120,Jones-Dyer,0,660,5.66,654,412,17
C121,Blair-Hunt,0,2235,5.73,2225,98,9
C122,Wang-Anderson,0,2808,5.27,2790,195,16
C123,Flowers-Hill,1,84,0.22,80,3,0
C124,Welch-Wilson,0,1673,8.75,1659,406,31
C125,"Brown, French and Murphy",0,1886,4.22,1871,456,23
C126,Ross-Rowe,0,3548,7.18,3536,281,22
C127,"Foster, Johnson and Parker",0,2613,9.1,2605,199,17
C128,"Davis, Parrish and Carpenter",0,2345,6.86,2334,160,50
C129,Stevenson Group,0,3310,4.89,3305,48,29
C130,"Dawson, Wise and Fisher",1,35,0.99,27,0,1
C131,"Bean, Wilcox and Jones",0,3260,7.74,3248,243,26
C132,"Tucker, Oliver and Collins",0,883,11.86,874,100,2
C133,Cline-Ochoa,1,94,1.89,93,1,2
C134,Mitchell-Davis,0,3354,2.61,3333,234,15
C135,Anderson-Boyd,0,1499,8.38,1499,221,43
C136,Mckinney-Williams,1,140,0.77,140,0,1
C137,Norman Ltd,0,2242,10.16,2229,357,28
C138,Munoz-Petty,0,2263,10.82,2242,346,47
C139,Hoffman and Sons,0,2019,2.14,2003,162,36
C140,"Lee, Smith and Clark",0,3349,8.1,3338,104,19
C141,"Farrell, Lee and Jackson",0,2760,11.05,2743,476,29
C142,"Escobar, Garner and Howard",1,185,1.28,176,2,2
C143,"Stanley, Kane and Weiss",0,2090,10.23,2080,277,33
C144,Kane PLC,0,3076,3.45,3071,1,32
C145,Webb Inc,0,3637,10.72,3619,440,33
C146,Blanchard Group,1,109,0.81,106,2,0
C147,Shea-West,0,2548,11.99,2525,175,39
C148,Lopez-Lam,0,1275,6.08,1264,66,36
C149,Mitchell-Davis,0,3002,6.02,3001,493,29
C150,"Harrison, Castaneda and Rhodes",0,939,3.27,932,385,23
C151,Gates Group,1,115,1.01,107,0,1
C152,Underwood-Phelps,0,2986,6.92,2976,101,5
C153,"Weiss, Reynolds and Cruz",0,1596,11.13,1573,84,13
C154,"Pierce, Jones and Shah",0,3608,5.94,3593,474,41
C155,"Williams, Carrillo and Sutton",0,530,8.36,522,292,21
C156,"Hernandez, Smith and Ortiz",1,115,1.53,110,2,0
C157,Perry LLC,0,2915,6.97,2915,245,7
C158,"Lopez, Ross and Sexton",0,504,5.14,498,18,47
C159,Reilly-Roberson,0,2702,10.24,2679,216,43
C160,"Anthony, Wong and Tucker",0,3227,9.02,3221,181,26
C161,Ball Inc,0,3541,6.61,3519,260,40
C162,Hernandez-Garcia,1,109,0.43,109,3,2
C163,"Watkins, Phillips and Smith",1,173,1.37,167,3,2
C164,Munoz-James,0,1607,2.45,1602,332,17
C165,Noble-Johnston,0,255,1.6,250,410,5
C166,Moore-Shelton,0,1910,5.76,1888,181,28
C167,Dennis Group,0,2679,11.5,2672,320,37
C168,Moran Inc,0,231,5.17,218,305,0
C169,Stanton-Gordon,0,475,7.7,474,427,1
C170,Walker LLC,1,60,1.28,57,2,2
C171,Hunt Inc,0,2583,7.99,2564,265,6
C172,"Villarreal, Rios and Kelly",1,163,1.36,160,0,1
C173,Leon-Jones,0,2850,10.74,2826,228,36
C174,Jacobs-Burgess,0,140,1.01,129,84,45
C175,"Rodriguez, Smith and Mendez",0,1657,10.11,1635,487,28
C176,Ramirez-Duncan,0,1080,3.19,1073,239,29
C177,"Williams, Mclaughlin and Robles",0,2979,6.86,2957,103,17
C178,Smith-Patel,0,276,9.29,272,329,46
C179,Jones Inc,0,830,2.57,808,46,43
C180,"Thomas, Wright and Lamb",0,3531,10.66,3531,26,42
C181,Jones PLC,0,888,2.32,879,491,34
C182,Bishop-Bradshaw,0,3352,8.41,3352,376,42
C183,Wade PLC,0,3149,10.26,3136,491,15
C184,"Ward, Dixon and Yoder",0,327,10.61,320,289,24
C185,"King, Hines and Grant",0,3238,11.81,3219,422,13
C186,Freeman LLC,0,2620,9.84,2599,81,23
C187,"Lawson, King and Wright",0,1967,11.2,1947,143,12
C188,"Wall, Steele and Lewis",0,678,3.42,654,258,21
C189,"Ross, Kennedy and Mcdonald",0,2258,2.91,2248,156,35
C190,"Allen, Garcia and Lindsey",0,2298,11.39,2287,341,7
C191,Edwards LLC,0,1870,11.78,1847,277,8
C192,"Carter, Archer and Lopez",0,3338,9.94,3333,230,44
C193,Newman Group,0,2647,10.34,2641,314,1
C194,"Martin, Smith and Farrell",0,1165,1.3,1144,105,12
C195,"Espinoza, Hall and Morgan",0,2464,4.96,2462,207,0
C196,Kirby Group,0,1717,8.92,1698,368,4
C197,Young Group,1,110,0.5,104,2,1
C198,Meyer-Hunt,0,1482,7.2,1480,13,48
C199,Parker-Reed,1,131,1.49,131,2,1
C200,"Rasmussen, Harding and Hernandez",1,13,1.4,6,1,0
C201,"Terry, Khan and Bennett",0,3101,10.6,3090,36,14
C202,Ward-Haley,0,121,5.57,118,457,0
C203,Morton Group,0,1261,2.48,1259,246,21
C204,Ortiz-Jones,0,3182,11.95,3167,48,48
C205,Potter LLC,1,167,0.11,165,2,2
C206,"Steele, Patterson and Martin",0,710,4.68,688,36,14
C207,"Russell, Brooks and Maxwell",1,78,0.97,72,0,2
C208,Beasley-Rodriguez,0,1159,2.25,1137,222,11
C209,Davis PLC,1,68,0.62,64,0,0
C210,Lewis-Miller,1,139,0.96,138,0,2
C211,Hicks Inc,1,184,0.98,181,3,1
C212,"Hale, Caldwell and Miranda",1,60,1.9,58,3,1
C213,Wilson-Cannon,0,512,4.88,490,23,7
C214,Sullivan-Farmer,0,1250,3.95,1240,220,41
C215,Roberts-Shelton,0,760,9.3,759,156,37
C216,"Stark, Lopez and Murray",0,3424,1.51,3402,21,42
C217,"Roberts, Sellers and Parks",0,2076,4.71,2055,265,37
C218,Rivera LLC,0,847,7.46,847,243,24
C219,Huff-Strickland,0,1610,7.81,1602,436,35
C220,Garrett-Carroll,0,2224,3.58,2206,138,34
C221,"Brown, Stewart and Estrada",0,3128,2.45,3106,445,42
C222,"Nichols, Butler and Nguyen",0,2472,1.21,2460,31,45
C223,"Riley, Mills and Smith",0,696,5.78,686,381,9
C224,Davis-Robinson,1,115,0.29,109,0,0
C225,Nelson Group,0,1079,7.78,1074,459,6
C226,Daniels-Nguyen,0,1841,11.68,1837,193,1
C227,Cox-Bennett,0,3015,7.67,2991,155,14
C228,Olson-Jordan,0,1025,2.29,1011,393,41
C229,Berger-Williams,0,3014,6.44,3001,403,36
C230,"Moss, Schwartz and Wallace",1,101,0.33,96,2,1
C231,Lopez-Mcguire,0,2356,8.82,2352,431,31
C232,"Anderson, Thompson and Carter",0,3437,4.34,3414,2,27
C233,Rios-Wood,1,55,1.37,50,2,2
C234,Thomas-Ramos,0,2265,11.0,2241,52,37
C235,"Cunningham, Johnson and Morton",0,876,10.24,853,112,18
C236,Davis Ltd,0,2582,2.63,2567,150,1
C237,Robinson Inc,0,3492,2.34,3473,162,39
C238,"Harvey, Wells and Bell",0,2791,5.92,2791,436,33
C239,Lara and Sons,0,1991,11.51,1983,257,34
C240,"Smith, Irwin and Welch",0,854,11.67,831,140,41
C241,"Higgins, Page and Sanchez",0,302,7.32,295,115,10
C242,Phillips-Sandoval,0,3091,8.94,3076,141,49
C243,"Mclean, Evans and Hutchinson",0,1234,9.93,1218,431,7
C244,"Washington, Lowe and Krause",0,1044,7.79,1044,251,0
C245,Bender-Taylor,0,2372,2.48,2365,67,20
C246,"Hess, Williams and Mitchell",0,1924,10.59,1915,185,40
C247,Ross-Lane,0,3546,2.35,3530,84,9
C248,Cook PLC,1,12,1.72,9,0,0
C249,Mullins-Vasquez,0,437,1.87,432,270,47
C250,Spears-Lewis,1,34,1.4,34,0,1
C251,"Duffy, Davis and Lozano",0,2407,6.23,2399,35,3
C252,"Shaffer, Frazier and Sims",0,311,5.14,288,71,40
C253,"Bowman, Everett and Singleton",0,2713,4.8,2690,70,47
C254,"Edwards, King and Johnson",0,3025,5.35,3011,138,24
C255,Johnson-Castillo,0,1236,3.27,1216,86,7
C256,Bennett-Willis,0,1393,4.34,1370,459,19
C257,"Green, Schroeder and Allen",0,901,1.01,878,34,35
C258,Medina-Lane,0,2327,2.21,2321,420,17
C259,"Perez, Haynes and Peck",0,2834,2.89,2824,27,24
C260,"Cook, Guerrero and Collins",0,3419,7.25,3419,408,12
C261,Howell LLC,0,3500,3.97,3491,335,37
C262,Downs-Jackson,0,2060,2.24,2043,290,25
C263,Hickman-Castaneda,0,2882,8.93,2882,146,41
C264,Wise PLC,0,685,10.25,677,205,49
C265,"Duncan, Adams and Murray",0,2547,3.36,2544,478,40
C266,Harvey Ltd,0,1086,3.26,1076,302,5
C267,"Garcia, Boyd and Knight",0,2605,9.86,2583,460,7
C268,"Brown, Miller and Salazar",0,118,6.54,100,295,15
C269,Mays-Summers,0,2242,9.13,2223,155,40
C270,"Graham, Stevens and Weber",0,1842,5.4,1832,396,11
C271,Wade-Martin,0,1120,6.9,1115,169,46
C272,Holden Ltd,0,350,4.36,337,316,34
C273,Wilkerson-Huber,0,1515,2.11,1515,238,5
C274,"Clark, Kline and Graham",0,2463,8.07,2459,325,17
C275,"Lane, Mendoza and Reeves",0,278,4.11,261,494,27
C276,"Sawyer, Johnson and Lamb",0,2176,11.65,2176,238,50
C277,Park-Pratt,0,288,6.28,265,400,10
C278,Keith PLC,0,380,5.55,376,411,19
C279,Guerrero Inc,0,2229,9.35,2228,396,48
C280,Brown PLC,0,3293,1.32,3288,424,47
C281,Thompson-Ward,0,1756,9.41,1741,308,42
C282,"Lawrence, Haley and Dominguez",0,2344,1.67,2328,484,3
C283,Lee and Sons,0,1049,2.35,1049,33,32
C284,"Williams, Clark and Gill",0,2728,2.14,2725,261,17
C285,Stevenson and Sons,0,1895,5.59,1885,491,0
C286,Mcguire-Weaver,1,140,0.17,134,2,0
C287,Garcia PLC,1,34,1.34,34,0,1
C288,Forbes-Sanders,0,1943,1.15,1922,30,31
C289,Jenkins-Williamson,0,1796,7.9,1783,89,19
C290,Thomas LLC,0,38,10.67,31,254,21
C291,Holt-Hamilton,0,1041,3.86,1032,409,42
C292,"Evans, Valencia and Williams",0,2555,4.87,2537,24,21
C293,Downs Inc,0,213,8.98,195,46,5
C294,Donovan Ltd,0,2950,8.19,2945,60,16
C295,Choi Group,0,1830,1.32,1826,324,48
C296,Hunt-Young,1,29,1.93,22,0,1
C297,Fleming Inc,0,1948,10.48,1940,89,30
C298,"Brewer, Turner and Simmons",0,764,7.66,761,433,9
C299,"Smith, Garcia and Reyes",0,1851,7.14,1848,73,41
C300,Becker PLC,0,3126,4.35,3117,273,47
C301,Jones-Peterson,0,1379,10.76,1355,390,47
C302,Freeman-Smith,1,165,1.59,160,3,1
C303,Lopez-Frederick,0,2257,4.89,2237,283,45
C304,Rodriguez-Davis,0,3302,2.67,3299,415,1
C305,"Graham, Bruce and Carter",1,189,0.84,188,3,0
C306,Jones Inc,0,3412,7.68,3408,181,11
C307,Walker-Duran,0,2618,4.72,2599,276,14
C308,"Riley, Burch and King",1,162,0.99,155,1,1
C309,"Harrington, Doyle and Logan",0,647,9.15,632,490,34
C310,Mayer Group,0,2559,5.77,2550,484,23
C311,Lopez-Young,0,1530,9.91,1527,303,29
C312,"Robinson, Jacobs and Hernandez",0,3026,3.35,3026,84,16
C313,"Taylor, Santos and Phillips",0,1985,3.71,1973,69,8
C314,Woods-Alvarado,0,2214,1.85,2203,237,1
C315,"King, Reid and Thomas",1,181,0.16,175,2,2
C316,Weeks Group,0,3194,7.31,3181,355,2
C317,"Brown, Holmes and Munoz",0,777,7.7,763,394,8
C318,"Doyle, Gomez and Martin",0,3183,2.86,3166,213,0
C319,Mcdonald-Dorsey,0,2916,7.75,2908,356,19
C320,Gordon Group,0,545,6.04,539,286,12
C321,Lawrence and Sons,0,1413,6.91,1395,235,3
C322,Chung-Johnson,0,183,2.52,160,391,4
C323,Garcia-Gonzalez,1,123,1.48,119,3,1
C324,Escobar and Sons,0,3001,3.26,2999,456,32
C325,Kelley Inc,0,1511,1.12,1507,364,36
C326,Manning and Sons,0,263,5.47,260,415,4
C327,"Jones, Mercer and Palmer",0,1223,3.95,1222,25,3
C328,"White, Powell and Williams",0,504,9.53,499,94,48
C329,Turner PLC,0,2634,1.59,2614,457,0
C330,"Diaz, Dougherty and Montgomery",0,383,10.76,364,107,8
C331,Shaffer-Rodriguez,0,1220,5.58,1208,1,13
C332,Wilson Inc,0,2800,5.02,2799,393,32
C333,Sullivan-Harvey,0,591,6.39,591,218,35
C334,Johnson-Nichols,0,2308,5.87,2295,57,6
C335,"Stanley, Holder and Novak",0,1809,8.77,1806,133,19
C336,Fox LLC,0,2541,3.06,2528,278,17
C337,"Vazquez, Burke and Cook",0,3483,1.23,3477,181,13
C338,Woodard and Sons,0,2360,8.5,2338,147,6
C339,Patrick Ltd,0,796,2.01,794,180,31
C340,Lane Ltd,0,1901,3.25,1898,398,8
C341,Giles and Sons,0,2174,4.43,2174,395,15
C342,Morris-Sanchez,0,2354,6.02,2333,400,28
C343,Randolph-Davis,0,2481,11.09,2473,356,45
C344,"Nguyen, Herrera and Willis",0,1315,9.88,1294,398,3
C345,Clark Inc,0,178,7.93,162,48,19
C346,Bates PLC,0,3601,9.07,3596,48,12
C347,Smith-Cisneros,0,639,8.5,629,57,7
C348,Stewart PLC,0,1843,5.61,1837,425,11
C349,Baldwin-Evans,0,1306,11.08,1288,450,35
C350,Tyler Group,0,3278,11.26,3268,300,10
C351,"Harrison, Harper and Harper",0,3637,3.92,3625,27,34
C352,Ramos-Campbell,0,756,7.24,742,389,36
C353,Lopez-Espinoza,0,789,8.17,769,283,6
C354,Scott-Allison,1,88,0.18,84,2,1
C355,Robinson-Hamilton,0,1860,7.6,1851,434,27
C356,"Snyder, Burns and Bryant",1,99,1.17,99,1,1
C357,Frank PLC,0,1435,11.42,1424,292,15
C358,Zamora-Johnson,1,158,0.24,152,1,2
C359,Hampton-Gutierrez,1,124,0.4,119,1,0
C360,Schaefer Group,0,2678,11.34,2663,154,10
C361,Perez Inc,1,121,0.48,121,3,2
C362,Carney Inc,0,3277,3.54,3267,283,13
C363,Hansen-Terrell,0,3216,9.28,3198,187,50
C364,"Miller, Short and Jackson",0,447,11.68,442,279,43
C365,"Arroyo, Baker and Garrett",0,2220,3.71,2201,1,41
C366,Mcclure-Edwards,0,2696,11.51,2688,467,49
C367,Hill-Hall,1,27,1.61,19,3,0
C368,Stephens-Foley,1,94,0.98,85,0,1
C369,Cooper-Richards,0,1005,7.92,996,18,13
C370,"Jimenez, Moore and Lewis",0,879,3.6,875,227,32
C371,Black-Ford,1,17,1.87,14,3,2
C372,"Garcia, Nguyen and Rodriguez",0,36,9.11,28,76,36
C373,"Odonnell, Jones and Hernandez",0,3112,2.38,3103,24,7
C374,Anderson PLC,0,1415,11.46,1399,95,27
C375,Wood-Hanson,0,1620,4.77,1617,310,14
C376,Murphy PLC,0,1732,8.82,1721,126,44
C377,Rodriguez-Juarez,0,2238,3.2,2218,188,21
C378,Torres Inc,0,3070,1.23,3048,217,32
C379,Smith-Parker,0,689,6.24,674,230,16
C380,"Pena, Brown and Allen",0,1374,6.96,1356,263,22
C381,"Taylor, Lopez and Diaz",0,2060,11.17,2038,173,48
C382,"Sims, Donaldson and Green",0,114,10.99,98,215,33
C383,Taylor Group,0,2212,3.65,2189,198,16
C384,Adams LLC,0,884,8.48,869,242,35
C385,Mcclure and Sons,0,2436,7.86,2423,220,29
C386,"Jones, Rowe and Rodriguez",0,1864,10.54,1863,26,7
C387,Mann Inc,1,18,1.74,11,0,1
C388,Matthews-Meyer,0,2713,1.11,2690,42,28
C389,Henry Group,0,3622,5.21,3600,16,5
C390,White PLC,0,1369,3.02,1369,173,13
C391,Thompson Inc,0,2469,1.96,2447,126,14
C392,"Smith, Thomas and Carter",0,1168,8.78,1151,236,5
C393,"Jackson, Barnett and Davidson",0,3428,2.38,3406,222,24
C394,"Phelps, Sanchez and Watts",0,1347,10.81,1341,340,3
C395,"Sawyer, Wilson and Berry",0,1241,7.49,1233,72,40
C396,Key and Sons,0,1788,11.0,1776,165,6
C397,Lowe-Smith,1,104,1.56,96,0,2
C398,Johnson Inc,0,993,5.2,987,214,21
C399,Williams-Suarez,0,3429,2.61,3411,249,31
C400,Daniels-Moss,0,518,11.07,510,109,16
C401,Carter-Griffin,0,489,9.9,467,414,43
C402,"Lyons, Gutierrez and Davidson",0,342,1.27,337,123,19
C403,Mullen-Brock,0,2821,10.5,2799,132,28
C404,Miller LLC,0,3156,2.03,3139,303,44
C405,Sanchez-Gomez,0,1285,9.0,1277,56,12
C406,"Mckay, Caldwell and Bennett",0,2904,4.77,2890,19,22
C407,Griffith and Sons,0,2023,2.71,2001,243,28
C408,Flores and Sons,0,1261,6.85,1247,334,25
C409,Neal-Brown,0,2213,8.92,2206,38,14
C410,"Caldwell, Chandler and Park",0,2084,5.96,2076,318,37
C411,Patton LLC,0,1175,9.0,1160,33,14
C412,Wiley-Ruiz,0,2062,3.68,2048,79,34
C413,Paul-Smith,0,2290,4.02,2268,50,29
C414,Hughes Inc,0,1476,2.97,1455,125,40
C415,"Ochoa, Mcintyre and Campbell",0,2644,8.17,2626,492,6
C416,Warren PLC,0,866,3.4,862,346,17
C417,Evans-Rios,0,1135,6.85,1116,106,46
C418,Becker LLC,0,3622,2.22,3613,72,45
C419,"Romero, Kelly and Brown",0,1128,6.44,1115,424,3
C420,"Duran, Lyons and Lee",0,2129,10.59,2108,70,2
C421,Barron Ltd,0,2898,7.84,2898,291,40
C422,Mccoy LLC,0,2402,11.65,2380,76,12
C423,Campbell-Jones,0,2441,2.35,2439,285,24
C424,Ramirez-Garner,0,3061,4.5,3047,437,38
C425,Turner-Jones,0,494,8.09,474,177,6
C426,"Rivera, Rivera and Powers",1,111,0.68,110,1,1
C427,Clarke Ltd,0,1218,6.43,1217,397,27
C428,Young-Brooks,0,1450,3.43,1436,52,0
C429,Leach-Houston,0,340,10.42,329,393,48
C430,Edwards-Everett,0,2346,11.58,2331,468,8
C431,Walters LLC,0,866,11.41,861,109,27
C432,"Larson, Alvarez and Koch",0,508,7.51,494,16,50
C433,Baldwin-Jones,0,198,4.42,183,24,38
C434,Brown Group,0,672,9.84,648,388,1
C435,Peterson PLC,0,1860,4.9,1846,59,37
C436,"Pena, Williams and Perkins",0,637,3.16,637,368,49
C437,Jimenez Ltd,0,461,9.05,440,366,33
C438,Rose Ltd,0,519,2.23,505,113,11
C439,"Martinez, Smith and White",0,3608,4.88,3601,92,21
C440,"Paul, Cantrell and Zimmerman",0,1535,2.11,1531,85,16
C441,"Campbell, Douglas and Love",0,2171,8.66,2154,470,39
C442,"Lowe, Castro and Young",1,71,1.26,69,1,0
C443,Rivera PLC,0,3516,8.68,3498,18,23
C444,"Rosales, Gray and Morris",0,136,3.3,112,495,34
C445,"Ramirez, Dennis and Rodriguez",0,3354,5.05,3354,53,30
C446,Moran-Gonzalez,0,2775,6.44,2765,7,17
C447,Hamilton-Henderson,0,1624,7.33,1602,387,22
C448,"Sullivan, Garrison and Wilson",0,109,11.52,107,334,49
C449,Obrien Inc,0,927,5.56,921,229,36
C450,Rice-James,0,723,1.74,715,180,9
C451,"Garcia, Lane and Payne",0,1939,11.54,1928,313,25
C452,Rodriguez Ltd,0,984,11.32,964,187,5
C453,Rowe Inc,0,507,7.43,507,389,20
C454,Mckee-Flores,1,196,1.26,195,1,1
C455,Bowman-Henson,0,3640,2.47,3622,350,17
C456,"Holmes, Chavez and Compton",0,1434,1.53,1433,31,10
C457,"Simmons, Griffin and Willis",0,1539,1.3,1531,476,27
C458,Kelly-Kline,0,1593,6.38,1569,450,25
C459,"Johnston, Schneider and Silva",0,426,3.71,406,467,14
C460,Houston-Taylor,1,114,1.31,107,0,2
C461,"Dillon, Beasley and Reid",0,863,8.77,843,315,3
C462,"Wyatt, Walker and Robinson",0,2030,11.79,2009,349,37
C463,Morales Ltd,0,1443,10.0,1427,221,49
C464,Ortega Group,0,1965,9.51,1963,106,16
C465,"Day, Thompson and Jones",0,628,7.03,619,301,20
C466,Hess-Jones,0,1236,1.79,1219,328,19
C467,Hester-Olson,0,1256,1.31,1239,381,24
C468,Kelley-Le,0,639,11.97,632,317,26
C469,Davis-Smith,0,1063,7.35,1048,223,39
C470,Bowen Ltd,0,2610,11.26,2607,415,44
C471,Owens and Sons,0,2298,5.69,2284,500,29
C472,Murray-Hayes,0,1103,2.55,1096,78,3
C473,Hamilton-Pugh,0,2183,10.81,2172,280,50
C474,"Torres, Clay and Curry",0,706,9.72,702,27,40
C475,Jensen Ltd,0,305,5.39,303,483,18
C476,Brown-Soto,0,2121,4.83,2111,281,35
C477,Wilkins-Bailey,0,3277,1.02,3276,222,4
C478,Johnson-Robbins,0,529,7.67,529,228,18
C479,Miller LLC,1,31,0.92,31,0,1
C480,"Farley, Sullivan and Patterson",0,285,5.02,261,216,33
C481,"Bautista, Clark and Reed",0,483,7.09,466,406,46
C482,"Williams, Silva and Campbell",1,105,1.87,97,0,0
C483,Flores-Gonzalez,0,2051,7.08,2032,248,25
C484,Foster-Reed,0,769,6.71,750,422,7
C485,Williams LLC,0,1765,6.72,1746,33,18
C486,Robinson-Nicholson,1,96,0.11,90,3,2
C487,"Smith, Whitney and Long",0,2724,3.09,2718,189,27
C488,Frazier-Haley,0,337,8.53,337,352,48
C489,"Stone, Spears and Jones",0,2683,11.78,2682,245,7
C490,Reed PLC,0,1592,1.45,1572,103,1
C491,"Lyons, Arnold and Wiggins",0,1184,2.85,1164,251,36
C492,"Parker, Jackson and Leon",0,683,11.74,669,28,32
C493,Jordan-Klein,0,1066,10.27,1056,220,40
C494,"Allen, Nelson and Pena",0,3297,9.06,3290,426,50
C495,"Bond, Briggs and Anderson",0,1186,3.11,1163,99,4
C496,Rodriguez Group,0,488,6.23,482,152,36
C497,Williams and Sons,0,1301,11.33,1278,461,8
C498,Wilson PLC,0,338,1.53,332,74,38
C499,Weeks-Lopez,0,1982,1.77,1962,11,21
C500,"Young, Warren and Shields",0,2972,10.17,2960,332,0
C501,Schroeder-Price,0,3485,2.41,3485,249,0
C502,White-Jones,0,894,1.35,885,430,11
C503,Howe-Grant,0,1209,6.35,1198,11,24
C504,Morris Ltd,0,2058,3.84,2052,122,39
C505,Morgan-Pope,1,126,1.52,118,3,2
C506,Thompson-Hernandez,0,1654,6.58,1637,152,40
C507,Cole Inc,0,1375,4.7,1364,65,17
C508,"Wilkerson, Gonzalez and Crawford",0,1765,1.03,1758,200,42
C509,Smith-Garcia,0,438,8.51,430,400,10
C510,Briggs PLC,0,1717,3.12,1694,222,14
C511,Tran-Allen,1,57,0.19,54,3,0
C512,Fisher-Hunter,0,3352,11.74,3335,273,41
C513,Wilson PLC,0,1362,5.13,1346,468,41
C514,"Oconnor, Reed and Ewing",0,888,11.41,881,130,47
C515,"Edwards, Lewis and Bradley",0,1691,6.57,1681,480,9
C516,Watts LLC,0,2431,4.52,2431,440,31
C517,"Flores, Williams and Martinez",0,1131,4.33,1109,499,4
C518,Wilson-Evans,0,1526,3.45,1516,152,33
C519,Hall and Sons,0,1231,11.24,1214,23,43
C520,Mccormick LLC,0,3071,11.72,3066,376,22
C521,Larson Ltd,0,509,7.7,509,297,21
C522,"Curry, Little and Moore",0,3051,4.83,3045,39,10
C523,Carpenter and Sons,1,30,0.74,27,1,2
C524,Wells Ltd,1,196,0.69,191,0,0
C525,Alvarez-Richardson,0,1352,6.97,1333,415,21
C526,Coleman-Norris,0,416,5.47,404,23,5
C527,Yates-Martin,1,118,0.42,110,0,1
C528,Werner-Kennedy,0,2255,4.34,2237,182,34
C529,Shepherd and Sons,0,1672,5.05,1659,499,8
C530,Alexander-Foster,0,1043,1.76,1032,327,14
C531,"Robinson, Wood and Luna",1,106,0.49,104,0,1
C532,Mckenzie and Sons,0,1133,4.1,1112,382,17
C533,"Jones, Calhoun and Lopez",0,1194,11.67,1175,115,32
C534,Hanson and Sons,0,2525,9.4,2522,156,31
C535,Jacobson-Williams,0,1261,8.44,1258,61,2
C536,"Johnson, Cisneros and Dominguez",0,1276,5.66,1274,256,36
C537,Ballard-Morris,0,2314,4.05,2296,280,48
C538,"Tucker, Friedman and Gomez",0,2843,8.27,2842,31,34
C539,Hunt Ltd,0,1882,2.69,1871,371,36
C540,Ho LLC,1,65,0.25,63,0,1
C541,Thomas-Williams,0,3095,2.99,3086,481,16
C542,"Silva, Johnson and Meyers",0,2820,10.86,2811,169,26
C543,Jordan-Thornton,0,2946,10.78,2944,176,17
C544,Williams-Lester,0,2313,9.93,2305,189,4
C545,Duncan Ltd,0,3512,1.35,3491,246,30
C546,Mcguire LLC,0,2582,7.54,2568,314,9
C547,Ramos Group,0,3034,3.98,3026,384,44
C548,Melendez Group,0,2199,6.24,2176,282,6
C549,"Bailey, Guzman and Torres",1,161,0.65,158,0,0
C550,Sanchez PLC,0,2174,2.41,2155,132,33
C551,Bartlett Group,0,2561,8.23,2543,260,2
C552,Barber-Robertson,1,40,0.56,32,2,1
C553,"Schmidt, Martin and Miller",0,1239,11.37,1220,359,0
C554,"Daugherty, Wilson and Garcia",1,21,1.72,17,3,0
C555,"Madden, Garcia and Barron",0,1666,8.81,1665,278,19
C556,Jacobson-Clark,0,695,8.67,680,72,18
C557,Lewis Ltd,0,2608,7.38,2605,176,0
C558,Mendoza Inc,0,1813,3.39,1794,224,46
C559,Garcia-Mason,1,136,1.07,136,1,0
C560,Johnson Ltd,0,666,2.08,651,37,31
C561,Hernandez LLC,0,590,11.19,586,374,37
C562,Gill-Hood,1,166,1.92,165,3,1
C563,Suarez-Jackson,0,2989,9.55,2987,302,21
C564,"Lee, Boyle and Ward",0,2921,8.64,2917,62,20
C565,Johnson PLC,0,3185,5.35,3173,443,22
C566,Collier Ltd,0,1795,9.18,1782,309,23
C567,Salas-Todd,1,22,1.0,15,0,0
C568,Ball Inc,0,2028,7.53,2010,231,12
C569,"Blake, Kelly and Brown",0,3470,9.17,3459,347,37
C570,Pope Inc,0,938,8.48,925,182,17
C571,"Fowler, Wise and Mccall",0,224,11.79,224,69,13
C572,"Simpson, Johnson and Robinson",0,387,1.27,365,95,3
C573,"Rodriguez, Galvan and Garza",1,134,0.67,128,2,1
C574,Peters and Sons,0,653,1.92,650,249,36
C575,"Shields, Smith and Gonzalez",0,2414,3.98,2411,33,33
C576,Patterson Ltd,0,389,5.32,383,276,32
C577,Potts Inc,0,3471,4.16,3462,13,35
C578,"Gay, Montgomery and Cooper",1,126,0.22,118,0,2
C579,Munoz and Sons,0,2407,7.92,2392,278,32
C580,Rodgers-Conley,0,240,10.22,229,5,17
C581,Daniels-Weber,0,245,9.72,237,465,0
C582,"Hardy, Conway and Jenkins",0,3569,10.0,3568,205,20
C583,Griffin-Spencer,1,170,0.54,169,0,0
C584,Freeman-Preston,0,1624,8.07,1604,317,2
C585,"Smith, James and Mcintyre",0,2648,5.16,2627,315,31
C586,Mathis LLC,0,1680,2.33,1668,375,7
C587,Jensen LLC,0,662,5.46,652,126,27
C588,Hicks-Ward,0,1591,8.44,1574,477,40
C589,Brown-Franco,0,2205,10.66,2184,440,30
C590,"Anderson, Mitchell and Mendoza",0,2647,7.74,2643,112,1
C591,Thompson-Walton,1,114,1.04,108,0,0
C592,"Long, Rogers and Cooley",0,3518,4.07,3513,167,8
C593,"Mullins, Padilla and Mcgrath",0,1644,10.91,1627,445,20
C594,Evans-Miller,0,2070,7.95,2063,130,8
C595,"Hill, Ryan and Miller",0,389,8.45,382,38,50
C596,"Williams, Gardner and Ray",0,757,6.52,752,183,19
C597,"Quinn, Ray and Oneal",0,2888,6.95,2865,15,34
C598,"Collier, Braun and Chen",0,1708,11.31,1701,226,12
C599,Martinez-Herring,0,415,7.02,399,5,22
C600,Tran-White,1,109,1.62,109,1,2
C601,"Huang, Downs and Jensen",0,2108,2.29,2086,35,42
C602,Harrington and Sons,0,317,6.08,298,103,49
C603,Ponce Group,0,1823,2.32,1802,495,10
C604,"Roberts, Wyatt and Wells",1,16,0.11,12,2,1
C605,"Howard, Herrera and Collins",0,115,1.14,95,66,33
C606,"Massey, Johnston and Mitchell",1,77,1.12,73,3,1
C607,Lewis-Rogers,0,2590,6.7,2569,95,12
C608,Mitchell-Lewis,0,1189,3.07,1187,325,29
C609,Serrano Ltd,1,29,0.91,28,0,2
C610,"Gilbert, Reeves and Lopez",0,2256,2.11,2252,290,12
C611,Brown Ltd,0,3391,7.95,3371,406,0
C612,"Murphy, Clay and Smith",0,237,8.6,234,356,44
C613,Anderson Inc,0,1571,10.72,1566,408,10
C614,Riley Inc,1,44,1.16,44,3,0
C615,Bennett-King,0,2642,2.61,2625,43,45
C616,Bell-Hanna,0,2524,4.09,2515,282,41
C617,Warren-Jackson,0,1135,11.21,1122,19,41
C618,Graham-Bowen,0,710,11.91,699,422,30
C619,"Charles, Chen and Holden",0,2144,10.17,2142,58,46
C620,Jackson-Brown,0,2343,10.17,2333,240,47
C621,Johnson-Bailey,0,2258,5.6,2246,140,8
C622,Simpson LLC,0,634,9.78,614,452,40
C623,Smith Group,0,246,10.34,244,454,0
C624,English-Diaz,0,2826,8.02,2803,87,4
C625,Livingston-Thompson,1,191,0.53,185,3,0
C626,Ramos-Osborne,0,1770,3.39,1751,235,42
C627,Robertson Ltd,0,2198,9.87,2181,494,50
C628,Walsh PLC,1,176,1.62,172,3,2
C629,"Knight, Jones and Leon",1,178,1.79,177,3,1
C630,"Liu, Cox and Hobbs",0,1372,5.44,1358,9,7
C631,Smith and Sons,0,1256,5.61,1256,3,49
C632,Lawson LLC,0,445,7.66,427,314,21
C633,Patterson-Olson,0,189,1.29,172,223,12
C634,Coleman-Garcia,1,165,0.6,162,2,0
C635,Gross Ltd,0,3168,9.5,3153,449,20
C636,Hall-Hensley,0,1015,7.71,1000,289,2
C637,Hughes Inc,0,912,1.06,909,407,31
C638,"Roman, Dickson and Garza",0,1639,2.57,1629,278,35
C639,Smith Inc,0,3281,3.16,3276,151,10
C640,Mitchell-Calhoun,0,1653,2.91,1630,147,34
C641,Long-Rollins,0,86,11.66,70,218,42
C642,"Brock, Davis and Daniels",1,13,0.93,12,0,1
C643,Jordan-Perez,0,438,3.66,420,292,8
C644,Gibson Group,0,3031,10.85,3014,411,23
C645,"Estes, Carter and Cantu",0,2064,7.3,2041,376,50
C646,Gomez LLC,0,427,3.06,419,10,48
C647,Carter-Mcconnell,0,2730,4.41,2718,219,49
C648,Daugherty PLC,0,1353,1.49,1352,221,12
C649,Sanchez-Alexander,0,3302,10.92,3296,265,17
C650,Olsen-Miller,1,77,0.43,75,2,0
C651,"Fry, Davis and Bowen",0,3063,1.68,3054,134,2
C652,Brooks PLC,0,2499,7.95,2480,137,2
C653,Ward-Rodriguez,1,51,0.43,51,1,0
C654,Alexander-Pena,1,165,1.69,161,3,1
C655,Williamson PLC,0,1849,6.15,1826,43,24
C656,Clark Group,0,1310,8.25,1301,250,37
C657,Young-Mitchell,0,1236,5.66,1218,306,9
C658,Chavez and Sons,0,3055,1.83,3047,422,24
C659,Hoffman Group,0,2476,2.06,2475,156,24
C660,White-Hoover,1,149,1.63,145,1,2
C661,Mays Inc,0,435,9.57,426,332,6
C662,Lee Inc,0,3205,1.06,3181,31,47
C663,"Williamson, Higgins and Evans",1,177,1.84,172,2,1
C664,Collins PLC,0,2897,1.48,2892,170,39
C665,Gonzalez-Roberson,0,3478,2.0,3459,288,7
C666,Patterson-Rasmussen,0,819,10.67,808,336,9
C667,Abbott Inc,1,126,0.96,118,0,2
C668,Watson Ltd,0,177,2.39,177,259,48
C669,Johnson-Lyons,1,87,0.16,80,1,0
C670,Lee Inc,0,2502,10.54,2498,296,18
C671,Dunn Group,0,3227,7.21,3222,162,46
C672,Andrews-Turner,0,2949,7.6,2945,483,28
C673,Price and Sons,0,2394,10.18,2370,366,47
C674,"Daniels, Reeves and King",0,1153,9.41,1130,305,38
C675,Rivera Inc,0,2948,5.7,2930,404,30
C676,Keller-Kelley,0,598,5.26,597,96,23
C677,Martin Inc,0,1098,1.2,1090,213,22
C678,Farrell-Arnold,1,185,1.6,184,3,1
C679,Jones-Torres,1,141,1.06,139,1,0
C680,"Griffin, Townsend and Barrera",0,684,2.62,679,294,6
C681,Campos-Jones,0,3266,6.13,3250,53,47
C682,Strickland Inc,0,878,4.28,855,468,26
C683,Barker Group,0,2293,8.44,2270,60,40
C684,Robles LLC,0,139,10.5,121,107,13
C685,Martin and Sons,0,3230,9.39,3230,89,26
C686,Williams LLC,0,838,2.18,826,165,1
C687,Davis-Collins,1,164,1.08,163,2,1
C688,Bryant-Hansen,1,144,0.18,144,1,2
C689,"Reyes, Thomas and Byrd",0,3228,1.33,3215,287,24
C690,"Collier, Lynch and Briggs",0,2159,7.42,2137,1,46
C691,Hanson Group,0,807,2.43,807,203,38
C692,Miller LLC,0,2025,9.39,2001,403,19
C693,"Reynolds, Wright and Meadows",0,3009,9.44,2987,479,5
C694,"Garcia, Wilson and Murphy",0,3017,10.93,3013,188,21
C695,Lewis and Sons,0,1164,6.45,1151,374,15
C696,Vincent Ltd,1,144,1.74,135,1,2
C697,Davenport LLC,0,633,5.65,618,282,4
C698,Perry Ltd,1,180,0.19,172,0,1
C699,Martinez-Crane,0,3245,11.05,3224,498,23
C700,"Clarke, Rice and Stone",0,1495,7.78,1492,75,50
C701,"Barker, Lopez and Martin",1,77,1.43,73,0,1
C702,Perez Ltd,1,28,1.17,28,0,2
C703,"Rodriguez, Obrien and Thomas",0,1944,6.95,1928,412,48
C704,Frazier Ltd,0,2890,6.65,2870,465,43
C705,"Hardy, Carpenter and Vargas",0,947,7.3,929,362,25
C706,"Collins, Cole and Obrien",0,3080,7.66,3069,334,21
C707,"Shepherd, Francis and Blanchard",0,2240,9.89,2232,56,47
C708,"Castillo, Johnson and Little",0,2474,11.82,2459,322,0
C709,Garcia Ltd,0,3282,1.92,3263,493,11
C710,"Thomas, Dougherty and Whitaker",0,2996,9.13,2987,68,49
C711,Jennings-Gray,0,3617,10.06,3600,364,41
C712,Turner-Anderson,0,1295,1.87,1292,312,29
C713,Brady Inc,0,3191,3.32,3178,473,40
C714,"Weaver, Clark and Daniels",0,180,4.37,170,51,45
C715,Small-Schwartz,0,1393,6.23,1371,386,50
C716,Scott Ltd,0,2546,6.03,2546,408,24
C717,Gonzalez and Sons,0,2464,5.9,2447,48,36
C718,"King, Vega and Sanders",0,1553,6.49,1540,63,42
C719,Castaneda-Ray,1,146,0.64,144,0,1
C720,Long Ltd,0,804,2.36,786,243,22
C721,Willis and Sons,0,843,9.48,837,427,35
C722,Hampton-Marquez,0,1139,7.47,1130,145,13
C723,Burnett-Crawford,1,127,1.65,126,2,0
C724,Reyes-Hinton,0,536,1.95,515,160,6
C725,Larsen LLC,0,3102,5.46,3085,329,26
C726,Ramsey PLC,1,150,0.77,142,2,0
C727,Smith-Brown,0,3403,5.44,3402,391,42
C728,"Hernandez, Foster and Ewing",1,48,0.34,47,1,1
C729,"Stephens, Benitez and Padilla",0,1082,11.2,1071,158,5
C730,"Morse, Cook and Nelson",0,2069,6.83,2066,115,18
C731,"Harvey, Brown and Foster",1,79,0.86,71,1,2
C732,Paul Ltd,0,1525,4.01,1523,172,11
C733,Hart PLC,0,3561,10.01,3559,204,20
C734,"Smith, Johnson and Lin",1,144,1.75,138,0,0
C735,Edwards-Harris,0,2061,7.54,2057,243,0
C736,"Rodriguez, Jones and Rodriguez",0,1823,2.51,1807,425,36
C737,Anderson-Orr,0,699,3.77,696,318,23
C738,Daniel PLC,0,2385,10.61,2382,264,2
C739,"Campbell, White and White",0,1001,6.28,981,219,41
C740,Pearson Inc,0,2753,6.81,2748,160,17
C741,Arias and Sons,0,620,1.44,615,123,10
C742,"Wright, Williams and Andersen",0,732,10.66,725,182,49
C743,Walton Ltd,0,737,9.8,730,177,43
C744,Mann Ltd,0,1277,11.18,1258,495,8
C745,Lee and Sons,1,38,1.04,31,3,0
C746,Brown-Walker,0,1547,6.23,1534,470,1
C747,"Bishop, Boone and Fitzpatrick",0,593,10.33,591,8,2
C748,Garcia-May,1,73,0.43,73,2,2
C749,"Holt, Hunt and Delgado",0,3606,8.37,3591,470,38
C750,"King, Gill and Orr",0,2791,6.55,2791,12,26
C751,Orr-Jones,1,51,0.44,49,3,0
C752,Curtis Inc,1,23,0.34,19,0,0
C753,Newman PLC,0,2717,10.28,2710,242,50
C754,Roberts Inc,0,557,7.02,535,148,23
C755,Craig Inc,0,239,11.44,226,29,18
C756,"Ward, Walters and Brown",0,444,3.89,430,76,39
C757,Kelly-Andrews,0,265,2.25,241,150,34
C758,Smith PLC,0,3119,3.03,3098,483,18
C759,Mckinney and Sons,1,82,1.36,75,3,0
C760,Anderson Ltd,0,1132,5.0,1117,470,5
C761,Phelps-Sheppard,0,3106,3.89,3098,54,27
C762,Richards Group,0,1363,3.67,1346,118,33
C763,"Fitzgerald, Lam and Rogers",0,1466,11.82,1453,148,32
C764,"Ferguson, Nichols and Lee",0,1292,3.85,1283,500,12
C765,Bryan-Archer,1,15,0.22,13,0,2
C766,"James, Fox and Cole",1,183,0.44,182,2,0
C767,Smith PLC,0,2759,4.32,2757,300,24
C768,Johnson and Sons,1,54,1.12,50,3,1
C769,"Evans, Gonzalez and Valentine",0,363,5.12,347,182,17
C770,Powell-Lindsey,0,1097,4.48,1083,283,32
C771,Klein Ltd,0,443,7.16,433,210,48
C772,"Leon, Carpenter and Garner",0,2988,1.71,2979,205,48
C773,Cohen Group,1,12,1.83,7,3,2
C774,Klein and Sons,0,1744,3.71,1720,286,36
C775,Davis Ltd,0,1473,1.86,1465,45,47
C776,Baldwin-Rasmussen,0,1460,5.84,1438,105,43
C777,Hanson-Moreno,0,184,5.47,170,133,25
C778,"Hall, Todd and Ramsey",0,3622,6.2,3605,216,18
C779,Thomas-Gregory,0,3541,4.53,3537,105,39
C780,"Bradley, Williamson and Spencer",0,2886,11.6,2885,94,3
C781,Steele-Romero,0,1951,1.78,1933,159,20
C782,Davis-Green,0,3434,5.63,3424,154,4
C783,"Dominguez, Oneill and Manning",0,2950,3.25,2927,260,1
C784,Gilbert-Davis,0,1451,10.17,1431,90,35
C785,Jacobs-Moore,0,2877,5.34,2859,15,21
C786,"Randolph, Erickson and Clarke",1,136,0.46,132,3,0
C787,"Patrick, Thomas and Berry",0,2818,7.05,2817,204,30
C788,"Taylor, Gamble and Blackwell",0,2209,7.14,2209,488,19
C789,"Bennett, Wilson and Gould",0,1559,10.08,1543,218,29
C790,Brown Inc,0,2717,4.94,2699,222,15
C791,"Barber, Williams and Ramirez",0,2219,7.04,2216,329,48
C792,"Guzman, Pena and Knox",0,3028,4.11,3010,86,19
C793,Cooper-Fuller,0,1429,2.22,1414,37,45
C794,"Jackson, Harris and Mcfarland",0,2088,3.18,2088,368,44
C795,Herrera Group,0,2965,10.47,2944,476,49
C796,Gonzalez-Diaz,0,609,8.27,604,37,8
C797,Roach Group,0,3348,9.87,3344,43,21
C798,Russo and Sons,0,3386,3.15,3377,165,14
C799,Castro-Bullock,0,2721,8.25,2714,246,36
C800,"Mitchell, Simmons and Jones",0,1655,2.76,1635,308,15
C801,"Lane, Hoffman and Delgado",0,2060,1.56,2042,420,24
C802,Smith-Kim,0,419,2.93,400,375,28
C803,"Church, Todd and Lane",0,1379,3.22,1371,116,0
C804,"Hernandez, Lopez and Smith",0,3207,9.2,3195,276,19
C805,Mullins Inc,0,2063,1.31,2042,316,33
C806,Lopez-Hunter,0,937,6.6,928,29,27
C807,Murphy and Sons,1,128,0.89,128,0,0
C808,Kent Group,0,2449,1.49,2447,304,35
C809,Baker-Padilla,0,3234,2.49,3231,314,47
C810,"Mcmillan, Jackson and Ellis",0,2399,8.83,2399,111,37
C811,"Lambert, Wise and Scott",1,83,0.71,82,2,0
C812,Singh-Miller,0,612,7.93,601,373,9
C813,"Sullivan, Hoffman and Brown",0,2205,9.48,2201,460,29
C814,Flores-Brown,0,3534,4.83,3512,135,29
C815,"Watkins, Ramos and Shepherd",0,3233,3.19,3212,4,30
C816,"Phillips, Wright and Clark",0,1348,11.75,1325,98,44
C817,Smith-Castillo,0,1430,5.93,1421,153,40
C818,"Fisher, Baldwin and Conley",0,2569,11.71,2550,40,47
C819,King-Black,0,2196,1.7,2194,56,19
C820,"Green, Rodriguez and Sanchez",0,236,3.4,224,384,1
C821,Monroe-Ali,0,1691,7.34,1672,16,40
C822,Watkins Inc,0,3321,3.13,3316,298,45
C823,Bauer-Maddox,1,148,1.28,143,2,1
C824,"Taylor, Harrison and Herrera",1,73,0.24,66,0,1
C825,Larson-Jimenez,0,3288,4.38,3275,242,45
C826,"Davis, Hill and Wilcox",0,2149,4.94,2134,50,14
C827,"Patterson, Moore and West",0,1381,9.31,1369,122,42
C828,"Bass, Jones and Brooks",1,137,0.91,134,3,1
C829,Castillo LLC,0,1940,10.4,1929,298,32
C830,Bell Group,0,889,7.46,879,243,15
C831,Thompson-Johnson,0,2470,11.15,2456,170,37
C832,Smith LLC,0,2770,1.7,2749,406,20
C833,Atkinson-Wilkins,0,1104,2.65,1100,348,35
C834,Smith PLC,0,3561,10.56,3558,452,4
C835,"Francis, Lewis and Harris",1,85,0.38,82,3,1
C836,"Weaver, Curtis and Fisher",0,610,10.62,588,60,41
C837,"Lee, Herring and Griffin",1,162,0.37,158,1,0
C838,"Mcguire, Williams and Smith",1,47,0.59,47,0,0
C839,Salazar Inc,1,147,1.75,142,3,2
C840,Drake Ltd,0,1290,1.67,1270,40,44
C841,Wilson PLC,0,502,8.41,485,335,41
C842,Thompson and Sons,0,2943,9.95,2926,485,29
C843,"French, Grant and Buchanan",0,2691,9.77,2677,327,11
C844,"Oneill, Davenport and Pruitt",0,2376,10.07,2367,46,45
C845,"Meyer, Hall and Palmer",0,3143,2.05,3128,365,33
C846,Haney-Bird,0,1807,1.98,1800,338,24
C847,Hansen-Olsen,0,1293,11.87,1278,364,11
C848,Torres PLC,0,2403,1.68,2382,444,38
C849,Smith PLC,0,1956,2.57,1954,145,38
C850,Smith and Sons,0,3144,9.24,3121,310,18
C851,"Dean, Mueller and Hansen",0,1666,7.86,1661,378,0
C852,"Webb, Hernandez and Callahan",0,1418,8.64,1402,206,10
C853,"Sullivan, Franklin and Johnson",0,775,5.65,767,133,10
C854,Anderson-Dunn,0,886,10.77,885,328,21
C855,Preston-Combs,0,1545,2.91,1531,149,42
C856,Gonzalez Inc,1,171,0.1,166,2,2
C857,Robbins Inc,0,2910,11.71,2892,49,42
C858,"Garcia, Taylor and Herrera",0,1668,3.55,1644,356,28
C859,Robertson-Smith,0,37,10.85,22,157,21
C860,"Howell, Hunt and Olson",0,712,8.7,690,88,10
C861,Rogers PLC,0,2207,2.43,2205,346,35
C862,Erickson PLC,0,1684,4.66,1668,62,3
C863,"Knight, Cox and Torres",0,1877,9.96,1877,72,4
C864,"Vazquez, Brown and Norman",1,181,0.95,176,3,2
C865,Davies Ltd,0,876,11.91,852,412,45
C866,Swanson-Lane,0,136,5.01,115,71,11
C867,"Tate, Torres and Day",1,29,1.43,23,2,2
C868,Mueller Inc,0,2276,5.95,2273,355,9
C869,"Morris, Tran and Case",0,2849,11.97,2832,278,18
C870,Fry PLC,1,185,0.74,181,2,1
C871,"Ball, Roberts and Medina",1,172,1.07,166,2,2
C872,Bradley PLC,0,1365,8.73,1351,44,34
C873,"Smith, Moore and Riggs",0,3562,3.21,3541,18,46
C874,"Chavez, Mitchell and Powers",1,96,0.69,95,0,0
C875,Aguilar Ltd,0,2500,6.91,2495,218,48
C876,Burns-Moore,0,377,9.33,364,327,45
C877,Keith-Spencer,0,457,6.7,436,431,50
C878,"Alexander, Martinez and Santos",1,49,1.9,44,1,0
C879,Smith-Cunningham,0,2992,8.87,2968,331,24
C880,Saunders LLC,0,805,10.81,805,172,31
C881,"Duncan, Ferguson and Ramsey",0,1677,3.06,1666,295,4
C882,Long-Baker,0,630,5.75,619,267,20
C883,"Patel, Gordon and Rosales",0,1054,6.07,1049,12,6
C884,"Cruz, Becker and Wallace",0,3069,10.81,3052,348,49
C885,Davis-Harris,0,1243,2.24,1224,147,8
C886,Gonzalez Ltd,0,752,8.26,729,348,5
C887,Vargas PLC,0,3188,11.73,3171,298,12
C888,Ramos-Peters,0,2356,4.13,2343,439,31
C889,Adams-Rose,0,420,6.72,410,162,10
C890,Miller Ltd,0,1085,8.78,1061,393,43
C891,Ingram Group,0,89,10.46,74,247,0
C892,"Stewart, Hayes and Underwood",0,1224,2.39,1207,436,8
C893,Harris-Schultz,0,329,2.28,311,342,26
C894,Burton-Lopez,0,1575,2.91,1574,192,6
C895,"Harper, Morris and Perez",0,2765,7.52,2747,495,38
C896,Mcclain and Sons,0,2076,1.64,2062,215,2
C897,"Mendoza, Andrews and Smith",0,2005,9.39,1982,14,38
C898,"Larsen, Ellis and Gibson",0,1754,3.33,1733,477,0
C899,"Rodgers, Andrade and Villegas",1,35,1.88,34,1,2
C900,"Thompson, Wagner and Walker",1,77,0.41,75,3,2
C901,Cooper PLC,0,804,6.15,801,312,36
C902,Jones-Lee,0,465,12.0,443,91,16
C903,"Cuevas, Baker and Wade",0,2013,2.47,1997,133,48
C904,Miller PLC,0,2542,9.05,2519,464,14
C905,Gutierrez Inc,0,3222,8.63,3206,118,9
C906,Mejia and Sons,0,1713,3.56,1703,3,25
C907,Nash LLC,0,692,11.47,690,154,21
C908,"Gibbs, Hurst and Riley",0,996,11.28,992,199,22
C909,Rodriguez-Barajas,0,670,2.77,657,122,48
C910,Butler and Sons,0,1873,6.15,1872,315,12
C911,Walker PLC,0,1922,2.15,1922,164,42
C912,Grant-Butler,0,159,7.89,153,99,24
C913,Cain Ltd,0,609,4.78,603,356,17
C914,Taylor-Williams,0,2036,6.54,2036,135,26
C915,Mendoza-Yates,0,266,2.61,247,36,33
C916,Pena and Sons,1,54,1.76,46,2,0
C917,Tucker-Livingston,0,1040,5.48,1038,210,37
C918,Mcdonald LLC,0,1128,6.32,1116,347,42
C919,"Ferguson, Garcia and Perez",0,2304,2.63,2296,4,48
C920,"Jimenez, Brown and Evans",1,36,1.4,29,1,1
C921,Bonilla-Bishop,0,3405,1.73,3402,142,33
C922,Powers-Phillips,0,1762,10.08,1754,309,15
C923,"Bailey, Mcdaniel and Jensen",0,266,5.77,253,316,37
C924,"Parker, Simon and Nichols",1,48,0.14,44,0,1
C925,Wright and Sons,0,3216,1.83,3199,378,2
C926,"Dixon, Yu and Wallace",0,2086,6.43,2073,372,45
C927,Erickson PLC,1,99,0.93,92,1,1
C928,Miller Inc,0,2314,9.41,2304,448,32
C929,Romero Ltd,0,1944,6.91,1938,294,30
C930,Baker-Hunter,0,181,2.54,160,113,19
C931,Johnson-Martinez,0,2112,5.82,2092,116,13
C932,Mcbride-Salazar,0,259,7.89,241,37,20
C933,Rosario-Fisher,0,2959,10.3,2954,133,25
C934,"Ramirez, Rodriguez and Clarke",0,1916,4.24,1901,255,9
C935,"Brown, Kidd and Morrison",0,103,2.82,83,70,29
C936,Thomas Group,1,105,0.6,102,1,2
C937,Stewart-Ashley,0,1266,7.78,1265,82,36
C938,"Williams, Thomas and Gutierrez",0,1149,2.93,1126,164,5
C939,Choi LLC,0,2060,3.75,2053,216,8
C940,"Peterson, Meadows and Wells",0,3577,10.11,3554,403,32
C941,Richardson and Sons,0,1916,5.2,1914,339,24
C942,Hoffman Ltd,0,3440,4.99,3437,272,40
C943,Glenn-Martin,0,2782,11.5,2763,37,4
C944,Brown Ltd,0,2806,7.83,2794,489,39
C945,Reynolds Group,0,1979,6.85,1973,236,6
C946,Lewis-Boone,1,160,1.58,154,0,1
C947,Hoffman PLC,0,2915,3.23,2909,342,47
C948,Price Group,0,3366,8.34,3351,436,50
C949,Weaver Group,0,164,10.16,155,310,39
C950,"Coleman, Tapia and Williams",0,1748,6.96,1735,359,13
C951,Jones PLC,1,110,1.23,107,1,1
C952,"Adams, Sims and Briggs",0,3133,7.7,3109,474,21
C953,Anderson Group,0,2912,11.44,2906,46,43
C954,Taylor Ltd,0,2473,5.36,2464,94,46
C955,"Flores, Garcia and Palmer",0,1632,5.9,1620,133,50
C956,"Perkins, Reed and Davis",0,2104,5.86,2094,119,35
C957,Bauer-Johnson,1,31,1.57,31,3,1
C958,Donovan and Sons,0,3306,2.44,3284,371,43
C959,Bender-Johnson,0,2709,3.52,2687,4,16
C960,"Daniels, Martinez and Bullock",1,131,0.44,129,3,1
C961,"Price, Brennan and Myers",0,2637,9.02,2619,219,42
C962,Sanchez-Ryan,1,133,0.15,129,2,1
C963,Taylor and Sons,0,1293,11.54,1284,105,29
C964,Roach LLC,0,1334,2.94,1320,22,44
C965,Clark Inc,0,580,9.62,556,140,12
C966,Thomas-Greer,0,3356,6.67,3343,300,21
C967,Horne-Harvey,0,3390,2.29,3367,264,23
C968,Keith-Sheppard,1,41,1.02,33,1,1
C969,Davis PLC,0,2977,3.51,2953,248,14
C970,Smith LLC,0,1827,8.39,1807,248,1
C971,"Nelson, Baker and Campbell",1,112,0.98,107,0,0
C972,Jackson Ltd,1,182,0.77,173,0,0
C973,Gibson-Bennett,0,807,10.67,789,140,46
C974,Williams-Allison,0,1396,6.38,1383,111,44
C975,Morgan-Edwards,0,264,6.07,252,419,12
C976,Johnson Ltd,0,1762,2.75,1760,109,46
C977,Kelly-Marquez,0,3622,5.48,3618,483,43
C978,Wade and Sons,0,240,7.65,223,46,38
C979,Chambers LLC,0,1773,11.22,1768,328,42
C980,Boone LLC,0,1068,2.24,1055,255,6
C981,"Jones, Adams and Wilcox",0,2613,10.41,2602,364,14
C982,Lucas Group,0,777,3.08,753,245,37
C983,"Parker, Skinner and Evans",0,881,2.23,878,446,29
C984,Green Group,0,137,1.07,117,177,2
C985,Foley-Logan,0,2244,5.28,2231,364,27
C986,"Oneill, Mathews and Sharp",0,1408,6.49,1406,279,48
C987,"Reed, Sanchez and Thomas",0,2664,5.58,2656,354,45
C988,"Smith, Thomas and Bridges",0,2715,8.35,2711,237,7
C989,Frederick and Sons,1,199,1.18,191,1,1
C990,Cooper Group,0,3642,10.64,3625,137,42
C991,Smith LLC,0,1418,11.33,1411,364,26
C992,Johnson-Larsen,0,3329,8.32,3311,294,38
C993,Nguyen-Webster,0,2698,8.37,2675,52,28
C994,Paul-Stewart,0,2578,9.06,2578,327,10
C995,"Nelson, Cherry and Sanders",0,3114,1.82,3112,473,42
C996,"Williams, Barker and Simmons",0,1900,2.27,1888,397,21
C997,"Yates, Williams and Dominguez",0,432,5.46,412,454,10
C998,James and Sons,0,701,9.7,682,363,47
C999,Gibson-Johnson,0,1237,4.43,1225,379,5
C1000,Hall Group,0,929,7.25,910,330,50
C1001,"Hooper, Thompson and Webb",0,2465,1.67,2457,151,9
C1002,"Cook, Livingston and Smith",1,65,1.16,57,1,2
C1003,"Smith, Lam and French",0,3141,10.97,3125,496,47
C1004,Johnson-Archer,0,1831,4.33,1818,170,11
C1005,Montes-Diaz,0,839,5.12,825,112,10
C1006,Hall-Warren,0,822,9.06,802,138,18
C1007,Thompson Group,0,3439,2.14,3417,29,17
C1008,Stewart Group,1,32,1.68,25,3,2
C1009,"Browning, Oliver and Johnson",0,987,9.05,973,13,15
C1010,Daniels-Clark,0,1263,8.87,1251,47,8
C1011,Smith Inc,0,685,2.08,683,19,3
C1012,Gallegos and Sons,0,2879,5.52,2867,398,9
C1013,"Lee, Williams and Walls",0,2712,8.01,2711,50,47
C1014,"Hansen, Lee and Nelson",1,156,0.36,152,2,1
C1015,Sanchez PLC,0,694,8.34,686,21,29
C1016,"Little, Stewart and Farley",0,985,5.09,973,86,16
C1017,Huerta-Jones,0,2782,10.68,2775,383,30
C1018,Peters-Cochran,0,611,5.73,609,412,39
C1019,"Newman, Brown and Guerra",0,2086,11.83,2082,279,42
C1020,Velez PLC,1,183,1.29,179,3,0
C1021,Mcgrath Ltd,0,1412,1.22,1391,39,12
C1022,"Hammond, Brown and Walker",1,85,1.69,81,1,1
C1023,Ortiz LLC,0,3201,5.68,3192,40,31
C1024,"Bartlett, Jordan and Perry",0,3323,10.73,3318,409,35
C1025,Mccall Inc,0,602,4.95,584,131,32
C1026,"Miller, Hernandez and Fields",0,3473,2.39,3462,60,49
C1027,Brown and Sons,0,3020,9.32,3007,201,24
C1028,"Rogers, Miller and Dickson",0,1055,8.12,1032,243,2
C1029,"Clark, Johnson and White",0,3127,8.89,3112,378,17
C1030,"Yang, Shannon and Rodriguez",0,314,10.83,298,344,44
C1031,Levy-Cook,0,1967,1.4,1944,424,3
C1032,Duffy-Maxwell,0,412,7.54,396,170,7
C1033,"Gonzalez, Howard and Cisneros",0,1705,5.29,1693,282,1
C1034,"Mcdonald, Hines and Wyatt",0,1685,1.43,1685,452,33
C1035,Harris Group,0,1133,3.95,1132,58,34
C1036,"Johnson, Lewis and Ward",0,2418,4.22,2415,2,7
C1037,"Short, Green and Raymond",0,864,1.54,841,34,7
C1038,Meyer-Hayes,0,126,11.34,126,293,5
C1039,"Williams, Williams and Calhoun",0,251,11.87,250,375,21
C1040,Lewis LLC,0,2843,10.38,2842,115,23
C1041,Wright-Reynolds,1,82,1.11,79,0,1
C1042,Lewis-Vazquez,0,1576,9.98,1571,183,22
C1043,Perez Inc,0,108,2.02,102,33,0
C1044,Patel-Mccarthy,0,3191,3.69,3168,95,23
C1045,"Clayton, Martin and Russo",0,869,3.66,853,135,34
C1046,Daniels-Smith,0,2653,6.05,2636,243,7
C1047,"Luna, Barber and Benson",0,1444,11.56,1444,146,18
C1048,"Alexander, Lewis and Stewart",0,3323,10.44,3315,427,26
C1049,Gillespie Inc,1,53,1.51,45,1,2
C1050,White-Frye,0,1817,1.05,1808,290,48
C1051,"Soto, Francis and Klein",0,3292,7.23,3277,278,19
C1052,Dorsey-Ellis,0,2310,9.85,2297,108,18
C1053,Shannon-Parker,0,1010,4.47,988,448,4
C1054,Shaffer Inc,1,130,0.24,122,3,0
C1055,Bridges-Collins,1,141,0.44,136,3,1
C1056,Maynard Inc,0,3004,7.4,3002,51,16
C1057,Lewis Inc,0,3088,5.89,3079,441,12
C1058,Escobar-Stevenson,0,122,5.88,99,151,40
C1059,Baker-Riddle,0,1063,1.14,1061,349,28
C1060,Green-Jackson,0,47,5.88,35,86,24
C1061,"Vasquez, Watkins and Francis",0,3084,2.7,3071,158,3
C1062,Molina and Sons,1,14,1.95,14,3,1
C1063,James Inc,1,91,1.0,89,0,0
C1064,Stephens and Sons,0,549,6.25,548,37,3
C1065,Becker LLC,0,2104,2.35,2103,202,14
C1066,Reyes-Rodriguez,0,175,5.63,167,142,20
C1067,Berger and Sons,0,1547,11.01,1542,390,12
C1068,Carter-Garza,0,1663,7.47,1661,167,19
C1069,Sullivan Group,1,138,1.88,134,1,1
C1070,Farmer and Sons,0,1528,2.55,1514,211,25
C1071,"Hernandez, Castro and Hart",0,2868,8.02,2847,424,33
C1072,Brown PLC,0,3333,8.63,3327,448,27
C1073,Bartlett Ltd,0,899,5.45,896,194,32
C1074,"Santos, Frederick and Maddox",0,2923,6.3,2901,174,42
C1075,Jackson-Young,0,600,10.66,584,411,20
C1076,Anderson-Williams,0,915,5.07,905,440,17
C1077,Juarez Inc,0,550,11.81,536,21,47
C1078,Green Group,0,3272,3.35,3263,376,16
C1079,Neal LLC,0,698,6.73,694,185,45
C1080,"Velazquez, Silva and Lopez",1,85,0.49,76,0,2
C1081,Baker PLC,0,400,7.14,395,12,30
C1082,Andrews-Cabrera,0,548,4.8,530,416,29
C1083,Santiago Inc,0,2947,5.16,2933,295,44
C1084,Price-Riggs,0,932,2.97,911,362,2
C1085,Sims-Wilson,0,3057,11.7,3038,121,11
C1086,"Carpenter, Nolan and Griffin",0,1291,10.89,1284,428,29
C1087,Gonzalez-Wood,0,2983,6.89,2964,112,49
C1088,Murphy LLC,0,264,2.49,246,401,50
C1089,Dixon and Sons,0,1245,3.38,1223,411,38
C1090,"Nelson, Romero and Conner",0,1546,3.17,1526,54,15
C1091,"Liu, Adams and Tran",0,653,4.22,650,204,4
C1092,Torres-Nielsen,0,2725,1.76,2717,462,20
C1093,Patterson Inc,1,120,0.34,116,1,2
C1094,Anderson-Johnson,0,2905,5.67,2881,431,3
C1095,Johnson-Baker,0,1905,7.47,1899,268,41
C1096,Peterson LLC,0,534,8.49,523,275,1
C1097,Martin Inc,0,158,11.96,135,237,12
C1098,"Moore, Tapia and Francis",0,1638,2.58,1635,285,34
C1099,Black-Molina,0,3141,9.01,3117,371,3
C1100,"Davis, Clark and Harris",0,3389,9.18,3389,493,27
C1101,Norris Inc,0,1479,1.75,1468,9,37
C1102,Williams-Lynch,0,1042,11.1,1042,299,30
C1103,"Morales, Campbell and Salas",0,2852,3.24,2829,394,19
C1104,Myers-Butler,0,2026,2.61,2008,60,25
C1105,Gutierrez Ltd,0,1868,10.32,1844,12,44
C1106,"Robertson, Fowler and Anderson",0,2358,3.83,2352,211,31
C1107,"Gonzalez, Walker and Huang",0,3617,9.12,3612,397,42
C1108,"Carter, Lopez and Woods",0,981,9.9,974,118,21
C1109,Calhoun-Wilcox,0,2086,2.17,2070,212,49
C1110,Saunders Ltd,0,2332,6.83,2308,157,29
C1111,Blackwell-Pacheco,0,97,6.55,78,445,26
C1112,Mcbride LLC,0,3158,1.48,3137,130,11
C1113,"Welch, Jones and Haas",0,3380,6.53,3374,156,50
C1114,"Hawkins, Osborn and Hall",0,3464,2.93,3464,493,40
C1115,"Bryant, Sanchez and Rodriguez",0,3563,1.47,3556,494,48
C1116,Weiss Group,1,66,1.65,60,1,1
C1117,Mcintosh Ltd,0,2663,1.36,2660,88,4
C1118,Johnson-Huffman,0,1293,10.72,1269,171,27
C1119,"Cobb, Burns and Clark",0,3016,5.25,3008,360,7
C1120,Simon-Neal,0,3540,3.5,3530,22,1
C1121,"Reed, Edwards and Singleton",0,2444,5.72,2420,319,30
C1122,"Williams, Farley and Cohen",0,3332,2.7,3321,417,45
C1123,"Morris, Gonzalez and Johnson",0,1976,10.52,1970,385,43
C1124,Moody Ltd,0,307,8.06,294,216,43
C1125,Moore-Carney,1,49,1.91,45,0,1
C1126,Carr LLC,0,2032,9.46,2010,182,10
C1127,"Rollins, Jefferson and Mcdowell",0,3215,2.11,3199,237,32
C1128,"Murphy, Elliott and Bradley",1,102,0.21,96,0,0
C1129,"Patel, Mcdonald and Daniels",0,395,1.84,388,252,6
C1130,"Goodwin, Smith and Harrison",1,143,1.6,134,0,2
C1131,"Wallace, Robbins and Lawrence",1,58,1.9,49,1,2
C1132,Peterson and Sons,0,3574,11.28,3564,386,5
C1133,"Olson, Bryant and Taylor",0,1233,7.55,1210,152,50
C1134,Vasquez-Gonzales,0,1708,7.17,1692,455,14
C1135,Richards PLC,0,374,10.32,355,330,27
C1136,Blevins Ltd,0,1894,8.79,1873,58,26
C1137,"Hoffman, Walter and Stark",0,310,8.76,299,434,6
C1138,French Group,0,2876,9.54,2863,432,49
C1139,Castillo Inc,0,232,9.01,211,410,12
C1140,"Nixon, Wolfe and Ellis",0,3237,7.74,3213,149,21
C1141,Wyatt LLC,0,2584,2.45,2578,357,7
C1142,"Lam, Hill and Holland",0,3301,11.47,3277,265,49
C1143,Pratt-King,1,97,1.47,91,0,1
C1144,Scott Ltd,0,1687,2.33,1673,495,50
C1145,Klein-Gill,0,1685,3.74,1661,47,9
C1146,"Skinner, Luna and Curry",0,3615,3.23,3592,406,37
C1147,Stout PLC,0,2554,1.99,2544,54,49
C1148,Anderson Ltd,0,3033,8.49,3015,299,14
C1149,Perez PLC,0,1737,4.34,1721,5,41
C1150,Ortega Inc,1,67,1.87,59,3,1
C1151,"Ross, Jones and Miller",1,189,1.24,183,0,0
C1152,"Pruitt, Donovan and Gutierrez",0,2350,4.89,2339,367,50
C1153,Collins Group,0,1056,4.66,1048,367,49
C1154,"Mcconnell, Rodriguez and Jones",0,2952,3.96,2939,257,36
C1155,Dixon-Berry,1,89,1.81,86,3,1
C1156,Lopez LLC,1,158,0.98,151,0,2
C1157,"Russell, May and Cabrera",0,3142,1.53,3128,76,45
C1158,Patton-Jackson,0,2013,10.06,2005,484,19
C1159,Moore Group,0,828,8.61,812,245,12
C1160,Gregory-Greene,0,3297,6.78,3282,375,0
C1161,Banks PLC,0,1456,11.47,1432,176,9
C1162,Garcia Group,0,1710,2.61,1688,170,6
C1163,Nguyen-Gibson,0,2242,3.16,2240,139,2
C1164,"Krause, Tran and Hall",0,103,8.57,85,498,18
C1165,Foster-Ortiz,0,1615,6.41,1596,432,20
C1166,Watson-Kirby,0,2266,6.61,2263,151,25
C1167,Brown Ltd,1,88,1.24,84,3,2
C1168,Brown PLC,0,2746,5.35,2731,400,1
C1169,"Ritter, Davis and Hobbs",0,3358,2.05,3354,499,29
C1170,Jackson-Frost,0,2623,5.66,2604,99,7
C1171,"Paul, Salazar and Hansen",0,3515,6.87,3503,98,26
C1172,"Mclean, Jackson and Cannon",0,1017,1.52,1004,307,45
C1173,"Robinson, Ramirez and Williams",0,160,8.99,156,140,1
C1174,"Scott, Beck and Jimenez",0,2666,1.97,2650,144,17
C1175,Berg Ltd,0,2025,8.85,2007,260,12
C1176,Ward-Mooney,1,56,0.55,47,2,0
C1177,White-Mitchell,0,3392,7.44,3375,41,5
C1178,Williams and Sons,0,1026,6.76,1026,345,21
C1179,Hicks Ltd,0,959,11.53,944,479,27
C1180,James LLC,0,2195,2.76,2174,397,32
C1181,Singleton PLC,0,1817,3.08,1813,259,42
C1182,Oliver-Murphy,1,36,0.35,33,1,0
C1183,Snyder-Black,0,643,4.17,630,34,21
C1184,Gardner and Sons,0,2177,11.07,2167,49,44
C1185,Haas Inc,1,53,0.11,49,1,0
C1186,Gutierrez-Everett,0,470,11.54,457,39,18
C1187,Davis LLC,0,1353,11.62,1351,182,1
C1188,Ross Group,0,475,10.78,454,89,20
C1189,Abbott-Ellis,0,358,2.12,357,120,23
C1190,"Williams, Ortiz and Norton",1,10,1.58,3,0,1
C1191,Harris-Fisher,0,241,3.21,229,99,1
C1192,Arias-Schneider,0,2912,4.24,2897,24,16
C1193,Diaz-Allen,1,122,1.97,119,3,1
C1194,"Duffy, Mendoza and Rogers",0,561,4.1,541,430,49
C1195,"Martin, Rivera and Page",0,840,2.51,834,306,5
C1196,Russell-Benton,0,2030,6.9,2015,439,27
C1197,Diaz LLC,0,316,7.8,299,270,10
C1198,"Romero, Smith and May",0,3315,7.74,3306,381,35
C1199,Nguyen Ltd,0,1947,1.78,1944,132,28
C1200,Cummings Group,0,3256,4.99,3252,232,14
C1201,Walsh-Baker,0,202,4.12,189,210,34
C1202,"Miller, Wallace and Swanson",1,187,1.87,184,3,1
C1203,Burns Ltd,0,1721,9.97,1720,370,45
C1204,"Hill, Hernandez and Avila",0,288,9.85,286,250,8
C1205,Blankenship and Sons,0,1370,5.75,1355,489,50
C1206,"Moore, Collins and Green",0,219,6.99,213,209,35
C1207,Foster PLC,0,2258,2.76,2241,369,32
C1208,Gould Ltd,0,3450,11.06,3432,25,48
C1209,"Lopez, Garza and Conway",0,656,5.96,645,84,19
C1210,"Mitchell, Melton and Rivera",0,1524,4.59,1511,282,24
C1211,Lewis PLC,0,1299,9.45,1281,160,42
C1212,"Weaver, Clark and Williams",0,1684,8.21,1676,138,42
C1213,Roman Ltd,0,1996,8.98,1987,319,41
C1214,Rush-Dominguez,0,473,6.09,451,441,49
C1215,Rivas-Ramirez,0,3092,3.38,3082,142,12
C1216,Powell-Bradley,0,1976,11.57,1973,122,29
C1217,"Reynolds, Dominguez and Lopez",0,2923,1.09,2908,36,43
C1218,"Caldwell, Ferguson and Gonzalez",1,27,1.77,26,1,2
C1219,Garcia-Mcclain,0,3571,2.31,3557,160,15
C1220,Garcia Inc,0,1303,1.45,1293,368,16
C1221,"Sanchez, Rowe and Peters",1,119,0.22,117,1,0
C1222,Blankenship PLC,0,768,5.84,764,415,6
C1223,Chavez LLC,0,2649,9.76,2631,111,44
C1224,Shaw LLC,0,3466,9.16,3454,421,13
C1225,Johnson Ltd,1,191,0.78,184,2,0
C1226,"Love, Young and Byrd",0,995,10.14,987,281,5
C1227,Tanner-Stevens,0,1905,6.21,1903,242,37
C1228,"Kennedy, Brooks and Mahoney",0,2903,10.51,2895,187,7
C1229,"Leach, Mcintyre and Serrano",0,2967,7.68,2943,47,31
C1230,"Armstrong, Evans and Alexander",0,1120,5.79,1118,391,3
C1231,Zimmerman-Gonzales,0,306,2.09,290,101,42
C1232,Fisher-Reynolds,0,903,10.94,893,220,16
C1233,"Diaz, Terry and Allen",0,359,5.09,358,297,5
C1234,Lawson-Martin,0,172,8.26,155,15,9
C1235,Carter-Travis,0,985,10.58,977,374,50
C1236,Ho Ltd,0,1451,4.45,1444,127,32
C1237,Horne and Sons,0,768,2.31,763,240,8
C1238,Garcia Group,1,131,1.33,125,3,2
C1239,Johnson Ltd,0,1362,6.13,1361,104,23
C1240,Garcia Group,0,2083,11.3,2083,364,41
C1241,Williams and Sons,1,127,0.6,118,2,2
C1242,Evans-Young,0,332,7.36,323,420,41
C1243,"Brown, Ellis and Chavez",0,3160,6.48,3155,453,6
C1244,Blankenship-Hunt,1,188,1.48,188,3,2
C1245,"Hays, Gardner and Williams",0,3010,6.82,2987,392,35
C1246,"Wright, Ward and Richardson",0,3644,6.1,3626,491,31
C1247,"Haas, Reynolds and Henry",0,295,10.96,278,496,42
C1248,Mason-Rush,0,409,11.44,396,61,26
C1249,"Henderson, Solomon and Simmons",1,64,0.91,59,1,0
C1250,Pearson-Rodriguez,0,3250,5.3,3232,410,2
C1251,Lopez-Stout,0,3229,3.91,3229,367,44
C1252,"Turner, Nichols and Frazier",0,805,5.34,795,445,43
C1253,Washington-Joyce,0,2242,6.18,2223,202,33
C1254,"Phillips, Williams and Jones",0,958,4.85,937,74,7
C1255,Drake Inc,1,183,1.14,179,0,1
C1256,Neal-Ford,1,196,0.7,195,0,1
C1257,"Riddle, Booth and Levine",0,2708,4.02,2694,172,12
C1258,"Burns, Hawkins and Stevens",0,1377,1.7,1360,483,50
C1259,Carroll-Herrera,0,1327,6.26,1306,394,7
C1260,"Powers, Eaton and Leonard",0,2446,3.09,2427,268,33
C1261,Baird-Munoz,0,893,2.81,876,230,2
C1262,Freeman LLC,1,185,0.23,176,1,2
C1263,Black-Campbell,1,38,1.06,31,0,0
C1264,Jones Inc,0,3019,5.79,3002,352,24
C1265,Walker-Holt,0,3277,11.87,3260,251,22
C1266,Sanford and Sons,0,2707,9.43,2686,5,6
C1267,"Gilbert, Phillips and Clark",1,29,2.0,26,3,0
C1268,"Robbins, Porter and Owen",0,3240,10.56,3217,25,4
C1269,"Waller, Thompson and Oneal",0,474,11.89,472,10,16
C1270,"Mason, Collins and Tate",0,488,4.57,481,145,31
C1271,Scott Inc,0,1301,3.75,1299,475,32
C1272,Henry and Sons,0,203,1.44,195,189,30
C1273,"Ramirez, Gardner and Green",0,2582,5.4,2566,490,29
C1274,Cook Group,0,2263,11.33,2260,171,0
C1275,Robinson LLC,1,85,1.01,83,1,0
C1276,"Hill, Holland and Morris",0,3277,3.61,3254,85,39
C1277,Alvarado and Sons,0,2262,4.32,2251,396,25
C1278,Moore LLC,0,1023,8.95,1023,13,41
C1279,Adams Ltd,0,2735,2.77,2721,124,41
C1280,Mills Group,0,1182,6.38,1163,403,33
C1281,Garcia Inc,0,1697,7.79,1689,75,32
C1282,"Smith, Jenkins and Scott",0,986,7.43,963,44,50
C1283,Schmitt Inc,0,2100,10.04,2077,17,13
C1284,Armstrong PLC,0,2023,3.06,2001,16,27
C1285,Ramirez and Sons,0,476,10.73,476,341,46
C1286,Craig LLC,0,3623,8.36,3599,142,45
C1287,"Ortiz, Manning and Garcia",0,2925,1.04,2912,402,36
C1288,"Krause, Brown and Sweeney",0,1818,11.91,1817,386,5
C1289,"Cline, Clarke and Diaz",0,1557,10.74,1547,345,41
C1290,Randolph LLC,0,1798,11.79,1794,58,35
C1291,Wilkerson-Benson,0,2717,6.81,2700,421,26
C1292,Jones-Townsend,0,2381,3.65,2378,331,43
C1293,Cisneros and Sons,0,3258,10.61,3242,292,2
C1294,Carpenter-Knight,0,1772,8.16,1750,428,41
C1295,Williamson Group,0,1326,6.84,1315,105,49
C1296,Bryant-Cox,0,459,5.65,437,498,42
C1297,Hernandez-Gutierrez,0,207,11.72,195,150,47
C1298,"Dickerson, Ritter and Davis",1,166,0.76,164,1,2
C1299,Thomas Inc,0,952,1.09,936,46,28
C1300,Mendoza-Romero,1,164,1.57,164,0,2
C1301,Thomas PLC,0,2562,8.67,2549,125,16
C1302,"Kim, Gonzalez and Walker",0,2912,8.75,2892,405,22
C1303,"Logan, Mason and Tyler",1,136,1.68,129,3,0
C1304,"Bass, Rose and Smith",0,2680,5.43,2679,275,14
C1305,"Marshall, Baker and Gill",0,487,8.38,478,73,11
C1306,Clark LLC,0,1858,1.6,1846,435,7
C1307,Allen Inc,0,1096,7.3,1082,182,21
C1308,Ford Inc,0,2307,9.61,2292,309,15
C1309,Gonzalez-Frazier,0,2903,7.17,2894,334,41
C1310,Foster-Martin,0,3579,3.07,3565,206,27
C1311,"Douglas, Dean and Gomez",0,2484,10.91,2471,291,15
C1312,"Cabrera, Ayala and Frye",0,3100,8.67,3082,359,16
C1313,Hardy Ltd,0,1739,7.54,1736,260,27
C1314,Golden-Williamson,0,1383,7.88,1369,399,37
C1315,"Shepherd, Newton and Nelson",0,197,7.02,195,178,33
C1316,Snyder LLC,0,1868,3.76,1850,453,11
C1317,"Nixon, Kane and Peterson",0,1341,6.48,1328,238,46
C1318,Jackson-Johnson,0,3109,11.87,3104,136,7
C1319,Owens and Sons,0,3191,2.21,3191,73,12
C1320,Day-Kemp,0,3404,8.76,3392,42,32
C1321,Dunn-Williams,0,555,6.05,537,271,47
C1322,"Wagner, Diaz and Herring",0,794,10.34,784,385,15
C1323,Martin and Sons,0,1713,6.78,1703,466,18
C1324,Lee Group,0,3631,10.68,3609,206,30
C1325,Ramirez PLC,0,2413,5.17,2407,248,16
C1326,"Sanders, Burch and Washington",0,561,8.4,544,496,9
C1327,"Robinson, Ramirez and Hanna",1,42,0.86,38,0,2
C1328,Quinn-Ortiz,0,1180,4.47,1180,169,37
C1329,"Bowman, Miller and Flores",0,1767,6.83,1762,140,44
C1330,Hunt-Lee,0,3370,4.89,3362,340,12
C1331,Frazier Inc,1,200,1.92,198,2,0
C1332,Rivera PLC,0,2006,1.71,1984,495,47
C1333,White Inc,0,954,8.96,941,8,12
C1334,Adams Group,1,83,0.9,80,2,1
C1335,Brown Inc,0,3221,7.13,3210,482,50
C1336,Ramirez-Flores,0,351,2.28,345,190,33
C1337,Brown and Sons,0,2340,6.57,2328,126,7
C1338,Gomez PLC,1,88,1.71,88,3,0
C1339,Wiggins Inc,0,328,2.95,324,249,13
C1340,"Gutierrez, Anderson and Hernandez",0,3459,11.8,3458,284,39
C1341,Stein-Cabrera,1,31,0.3,31,3,0
C1342,Williams Group,0,2725,1.84,2710,184,48
C1343,Knapp Inc,0,720,7.32,702,32,7
C1344,"Gonzalez, Moyer and Weaver",0,2217,9.72,2211,400,24
C1345,Mccoy-Nguyen,0,3362,7.71,3339,194,27
C1346,Reed PLC,0,233,1.42,215,160,0
C1347,"Mcdaniel, Campbell and Maldonado",0,1232,10.97,1224,286,36
C1348,"Wong, Walker and Howard",0,711,9.02,709,361,49
C1349,Hensley-Scott,1,149,0.22,146,0,1
C1350,"Davis, Richard and Rodriguez",0,2771,5.77,2758,206,36
C1351,Meyer-Shelton,0,512,7.32,505,480,25
C1352,Roberts-Sanchez,0,2541,3.69,2521,319,16
C1353,Parker Ltd,0,2663,7.57,2658,233,17
C1354,David-Hill,0,522,7.91,519,295,39
C1355,Mueller-Knight,0,2556,7.89,2545,322,26
C1356,"Nelson, Howell and Barrera",0,2608,9.34,2595,438,21
C1357,"Reid, Hobbs and Novak",0,3078,11.27,3066,352,10
C1358,Barnes Inc,0,1517,7.5,1503,436,12
C1359,Anderson and Sons,0,1360,5.73,1350,357,17
C1360,"Parker, Wright and Kelly",0,1882,2.91,1878,29,39
C1361,Walters-Long,0,2571,2.6,2559,145,11
C1362,Zavala PLC,0,663,3.85,644,176,34
C1363,Shelton-Barnett,1,170,0.23,169,0,0
C1364,Khan Group,0,2568,5.84,2551,9,47
C1365,Collins-Kelley,0,1683,2.99,1671,70,23
C1366,Banks-Oconnor,1,145,0.58,142,3,1
C1367,Ryan-Henson,0,1066,2.62,1054,94,19
C1368,Kaufman-Santiago,0,2021,7.08,2014,219,35
C1369,Allen-Walker,0,1566,6.07,1557,471,44
C1370,Cole-Conrad,1,62,0.83,56,1,0
C1371,"Hernandez, Fletcher and Bradley",1,84,0.29,81,0,0
C1372,"Wilson, Torres and Smith",0,420,9.64,411,393,34
C1373,"Scott, Chavez and Perez",0,2097,8.25,2096,166,34
C1374,White-Thompson,0,1627,3.34,1616,442,37
C1375,"Berg, Welch and Ruiz",0,253,1.85,230,41,32
C1376,Obrien Group,0,1582,7.07,1558,498,4
C1377,Lewis PLC,0,1683,7.72,1676,170,17
C1378,Davis and Sons,0,588,3.52,572,31,46
C1379,Morgan Group,0,834,10.92,818,437,20
C1380,Clark-Conner,0,1182,10.27,1166,154,45
C1381,Eaton Group,1,64,1.1,61,2,2
C1382,"Horton, Brown and Baxter",0,2627,10.91,2606,265,1
C1383,Johnson Inc,0,2294,5.87,2285,417,24
C1384,Moore-Campbell,0,3528,3.0,3508,498,16
C1385,Jones PLC,0,1112,1.05,1092,473,50
C1386,"Lewis, Gonzalez and Wu",0,364,7.4,345,410,3
C1387,Zimmerman Ltd,0,1232,1.57,1221,135,9
C1388,"Davis, Nichols and Adams",1,42,0.22,37,0,0
C1389,Li Inc,0,2731,4.83,2726,248,19
C1390,"Barrett, Martinez and Davis",0,628,2.89,608,4,3
C1391,Gross PLC,0,2883,1.3,2868,59,7
C1392,"Perry, Stone and Joseph",1,75,1.63,71,1,1
C1393,Soto-Jones,0,2652,11.52,2643,205,47
C1394,"Perez, Lopez and Andersen",0,2527,7.4,2508,281,50
C1395,Hayes Group,0,522,4.66,502,42,10
C1396,"Warren, Giles and Gonzalez",0,1547,4.23,1531,437,21
C1397,"Scott, Whitehead and Henry",0,1217,3.71,1202,321,24
C1398,Jones and Sons,0,591,9.27,574,380,26
C1399,"Johnson, Roberts and Rivera",0,2779,5.66,2771,251,44
C1400,"Neal, Riley and Martin",0,3175,2.22,3153,56,16
C1401,"Johnson, Valentine and Daniels",0,3014,2.73,3014,231,26
C1402,Smith Ltd,0,979,8.46,967,449,7
C1403,Richardson Inc,0,2013,1.25,2005,461,9
C1404,"Chandler, Martin and Gonzalez",1,55,0.86,53,2,1
C1405,Alvarez-Griffith,0,2106,1.33,2106,137,3
C1406,"Olson, Bowen and Cruz",0,1482,9.68,1472,42,11
C1407,Moore-Stone,0,1069,9.0,1057,139,41
C1408,Moore PLC,0,3531,11.74,3518,65,25
C1409,Taylor Group,0,3014,3.23,3006,498,43
C1410,Johnson LLC,0,234,8.53,233,200,29
C1411,Yates-Morris,0,691,3.58,677,201,24
C1412,White-Mendoza,0,1905,4.39,1891,392,28
C1413,"Carter, Henry and Floyd",0,1806,5.13,1804,11,41
C1414,Williams PLC,0,1280,4.78,1258,419,34
C1415,Davis-Fuentes,0,504,10.62,486,343,23
C1416,Grant Inc,0,2515,1.96,2504,95,48
C1417,Bowman and Sons,0,2782,10.07,2772,376,16
C1418,"Vargas, Mendez and Cole",1,31,0.32,22,3,0
C1419,"Turner, Wilson and Morrow",0,177,6.77,173,270,36
C1420,"Burke, Williams and Morse",0,2934,2.18,2922,84,8
C1421,"Randall, Kim and Mcdonald",0,3575,8.54,3556,476,48
C1422,"Nelson, Brown and Watson",0,1285,11.21,1278,426,37
C1423,"Sanchez, Young and Hughes",0,1908,7.18,1899,190,46
C1424,"Arellano, Lewis and Moore",0,2583,7.41,2581,294,23
C1425,"Carr, Hanson and Cole",0,1845,3.66,1844,16,28
C1426,"Davis, Frost and Blackburn",0,938,8.92,938,242,22
C1427,Howard-Kaiser,0,467,4.93,447,32,4
C1428,Foley-Chambers,0,1084,5.39,1077,143,43
C1429,"Jones, Hernandez and Thompson",0,2334,1.56,2311,89,18
C1430,"Espinoza, Meadows and Hernandez",0,1224,2.8,1214,207,29
C1431,Hawkins-Mccarthy,0,323,7.22,322,98,0
C1432,"Cortez, Kennedy and Alvarez",0,2725,1.3,2723,426,47
C1433,"Flowers, Lewis and Estrada",0,1391,7.97,1376,262,4
C1434,Madden and Sons,0,2775,6.9,2754,36,11
C1435,"Ali, Turner and Maxwell",0,1524,1.24,1508,176,29
C1436,Turner and Sons,0,428,8.21,407,160,29
C1437,Harper LLC,1,130,1.6,129,2,0
C1438,Hall LLC,0,32,4.46,12,346,18
C1439,"Martin, Griffin and Davis",0,286,5.3,274,281,11
C1440,"Simpson, Lynch and Solis",0,844,5.84,827,216,41
C1441,Miller Group,0,3325,6.96,3321,426,18
C1442,Hawkins and Sons,0,1692,4.06,1680,306,48
C1443,Stephens-Hill,1,39,0.85,33,3,1
C1444,Bolton-Anderson,0,905,7.85,902,150,14
C1445,"Robertson, Pena and Carter",0,2502,11.35,2483,99,16
C1446,Davis-Roberts,0,287,7.3,268,392,24
C1447,"Johnson, Meyers and Smith",0,1449,2.95,1427,52,1
C1448,"Gross, Shaw and Owen",0,39,5.15,34,224,37
C1449,Kelley-Black,0,1286,1.57,1267,53,14
C1450,Carter-Greene,0,3403,2.0,3382,323,25
C1451,Meza-Fleming,0,3117,8.66,3103,73,12
C1452,"Jones, Davis and Moore",0,3235,4.93,3227,302,10
C1453,"Mcbride, Morales and Lozano",0,1930,4.42,1924,469,42
C1454,Medina PLC,0,2051,8.7,2036,450,50
C1455,Hull LLC,0,660,4.72,656,215,5
C1456,"Alvarez, Hill and Jensen",0,996,5.37,990,225,6
C1457,Silva PLC,0,668,2.79,648,165,10
C1458,Allen LLC,0,1075,11.25,1067,298,16
C1459,"Espinoza, Medina and Bishop",0,677,7.56,677,150,16
C1460,Jackson Group,0,1676,4.73,1676,20,47
C1461,Davidson Group,0,423,9.06,407,66,27
C1462,Cole Ltd,0,1909,1.62,1906,246,42
C1463,"Brown, Brown and Greene",1,17,1.57,13,0,0
C1464,Kim and Sons,1,184,0.15,178,2,1
C1465,Howell-Braun,0,2847,6.32,2833,459,39
C1466,Baxter-Gonzalez,0,650,6.55,630,476,50
C1467,Avila PLC,0,525,4.43,501,208,36
C1468,Gardner-Singh,1,15,1.87,9,1,0
C1469,Walker and Sons,0,3285,11.46,3265,23,7
C1470,Norman-Riddle,0,179,8.21,174,450,29
C1471,Franco LLC,0,3130,5.1,3129,198,40
C1472,Rodriguez Ltd,1,135,0.23,134,0,2
C1473,Copeland-Young,0,856,11.79,848,497,50
C1474,Jackson PLC,0,3285,11.7,3285,119,36
C1475,Molina Inc,0,2863,7.64,2847,61,39
C1476,"Miller, Campbell and Smith",0,1621,9.22,1608,147,3
C1477,Gutierrez-Scott,0,2830,5.11,2806,74,18
C1478,Santiago-Eaton,0,3169,3.09,3152,85,13
C1479,Dixon-Espinoza,1,104,0.87,99,0,0
C1480,Grant LLC,0,2960,7.87,2941,417,46
C1481,"Baker, Ross and Brewer",0,2433,3.86,2432,155,21
C1482,Nixon LLC,0,3165,4.73,3150,268,47
C1483,Contreras Group,0,1977,1.0,1964,492,46
C1484,"Thomas, Boyer and Harding",0,2682,5.54,2682,78,14
C1485,Burke Group,1,68,1.06,63,1,2
C1486,Robbins LLC,0,2141,11.31,2133,333,13
C1487,"Hurst, Cox and Anderson",0,3577,9.6,3573,398,47
C1488,Osborn Group,0,3085,8.48,3074,453,22
C1489,"Rangel, Li and Howard",1,122,1.1,118,3,1
C1490,Long-Bailey,0,3059,6.73,3049,212,28
C1491,Church and Sons,0,711,8.27,704,172,29
C1492,Curtis Group,1,19,0.17,19,2,0
C1493,Burnett Inc,1,108,0.1,100,0,0
C1494,Randall PLC,0,1280,8.95,1272,18,35
C1495,"Carter, Bennett and Ray",0,1935,9.46,1920,344,31
C1496,"Manning, Benson and Garcia",0,3145,7.48,3129,288,24
C1497,Cameron Inc,0,2339,11.76,2320,273,31
C1498,Scott PLC,0,2206,3.92,2196,305,13
C1499,"Aguirre, Neal and Clark",0,1642,5.14,1634,390,28
C1500,Gutierrez-Gray,0,579,7.7,559,139,28
C1501,Johnson-Chapman,0,1871,6.23,1855,180,4
C1502,"Nelson, Raymond and Pratt",1,110,1.46,103,0,2
C1503,"Schmidt, Bright and Roberts",1,141,1.03,141,1,2
C1504,Little-Willis,0,2643,4.72,2631,257,20
C1505,Ellis-Carr,0,1611,1.7,1603,266,27
C1506,King-Brown,1,145,0.51,137,3,2
C1507,"Brown, Thomas and Riley",0,1092,11.3,1085,231,29
C1508,Simmons Inc,1,133,0.71,132,1,1
C1509,"Farmer, Porter and Crawford",0,2012,7.12,1993,478,7
C1510,Gutierrez Ltd,0,1595,5.36,1595,476,1
C1511,Peterson Inc,0,2425,11.67,2417,103,43
C1512,Blankenship and Sons,0,1308,2.18,1307,75,30
C1513,Davis-Hernandez,0,2478,7.18,2459,316,9
C1514,Watts-Thomas,0,1032,10.31,1024,238,49
C1515,Lopez Ltd,0,588,6.37,578,395,35
C1516,Weeks-Davis,0,3346,6.82,3336,94,49
C1517,"Watts, Burnett and Mendoza",0,1330,10.66,1326,3,0
C1518,Yates Inc,0,182,10.93,162,256,49
C1519,Ward Inc,0,1660,9.35,1638,107,20
C1520,"Cooper, Wallace and Carson",0,1647,11.71,1623,9,1
C1521,Maldonado-Wagner,0,3520,8.32,3514,238,49
C1522,"Paul, Young and Jordan",0,3076,9.24,3075,132,2
C1523,Schneider-Erickson,0,2457,9.03,2437,197,41
C1524,Barrett PLC,0,2261,8.85,2246,286,2
C1525,Gallegos-Rodriguez,0,3272,7.12,3248,356,8
C1526,"Fitzgerald, Carpenter and Cohen",0,1480,4.27,1479,285,9
C1527,"James, Mcguire and Smith",0,3312,10.4,3294,273,21
C1528,"Flowers, Smith and Green",0,3315,9.15,3314,350,29
C1529,"Herrera, Townsend and Maldonado",0,482,6.46,465,487,18
C1530,Dominguez-Hardy,0,2399,10.49,2387,183,37
C1531,Bishop-Castro,0,361,5.92,339,36,16
C1532,James-Thompson,0,3062,4.56,3044,169,49
C1533,Rodriguez-Grant,0,3361,9.12,3349,288,49
C1534,Henderson-Moore,0,1007,2.35,983,200,48
C1535,Gonzalez-Warren,0,522,4.81,517,459,33
C1536,"Mcneil, Ramirez and Lamb",1,179,1.86,171,2,1
C1537,Ellis Ltd,0,1605,9.91,1590,152,41
C1538,Boyd-Ortega,0,1089,3.63,1077,170,49
C1539,Davis-Espinoza,0,841,10.42,833,267,8
C1540,Pierce-Sloan,1,31,0.49,24,0,2
C1541,Cox LLC,1,170,1.36,168,1,2
C1542,Lindsey LLC,1,198,1.11,196,1,2
C1543,Eaton-Griffin,1,94,1.6,91,1,0
C1544,Rhodes LLC,0,3270,11.77,3249,408,19
C1545,"Parker, Ponce and Richard",0,1052,2.51,1028,227,29
C1546,"Thomas, Oconnor and Smith",0,217,8.71,194,103,6
C1547,Mann-Morales,0,1758,5.52,1750,444,43
C1548,Stewart-Hayes,0,3465,11.28,3448,250,38
C1549,Jones-Sanchez,0,3236,9.82,3224,50,27
C1550,Bruce-Olsen,0,121,11.3,113,12,31
C1551,"Clark, Bowen and Warren",0,1195,1.38,1187,190,14
C1552,Vaughan Inc,1,117,1.13,115,1,2
C1553,English PLC,0,2673,2.98,2671,344,6
C1554,"Sanders, Fields and Hill",0,1367,10.49,1346,99,0
C1555,"Conrad, Anderson and Reed",0,1177,10.59,1168,396,38
C1556,Brewer-Mcintyre,0,2697,1.37,2680,469,29
C1557,Clay-Fleming,0,2584,4.18,2581,252,43
C1558,Cook-Fields,0,2648,10.85,2643,281,37
C1559,Moore Ltd,0,3354,8.9,3343,91,10
C1560,Weaver PLC,0,1329,6.66,1311,402,13
C1561,"Johnson, Thornton and Flynn",0,1475,6.98,1465,361,41
C1562,Page LLC,0,3295,11.95,3290,411,14
C1563,Walsh-Adkins,0,2887,6.82,2873,188,2
C1564,Thompson-Sanchez,0,1668,8.38,1658,221,9
C1565,Green PLC,0,1955,3.24,1939,109,36
C1566,Garcia-Pennington,0,2781,7.49,2777,398,47
C1567,"Norman, Moreno and White",0,1286,9.47,1268,86,49
C1568,Jackson-Zimmerman,0,1242,5.2,1242,83,9
C1569,"Maynard, Wilson and Clark",0,693,7.06,683,408,50
C1570,Wells-Wood,0,2868,5.29,2865,293,4
C1571,Hunter-Wallace,0,1164,6.46,1151,363,48
C1572,Watson-Collins,0,2909,5.44,2903,142,15
C1573,Gonzalez-Hall,0,384,6.48,384,378,17
C1574,Holt-Jones,0,950,1.58,944,285,11
C1575,"Robbins, Bates and Burton",1,93,1.92,93,2,2
C1576,Johnson-Bentley,0,1536,7.04,1533,393,6
C1577,"Lewis, Cain and Jenkins",0,2380,11.65,2371,400,50
C1578,"King, Rios and Levine",0,918,5.61,907,184,26
C1579,"Saunders, Bailey and Vargas",0,1939,10.5,1929,258,39
C1580,Howard PLC,0,2827,2.58,2826,78,32
C1581,Steele-Jones,0,3520,10.47,3497,252,11
C1582,Greer LLC,0,3099,4.74,3090,353,43
C1583,Potter Inc,0,408,3.01,401,23,46
C1584,Casey-Adams,0,2220,9.59,2207,496,49
C1585,Diaz-Long,0,2964,8.92,2954,73,14
C1586,Ward and Sons,0,1919,5.48,1905,225,42
C1587,"Perkins, Palmer and Brennan",0,2067,6.74,2045,431,14
C1588,"Warner, Wells and Willis",0,517,4.82,510,356,14
C1589,Casey-Owen,0,3636,11.6,3616,343,20
C1590,Larson-Curry,0,1872,11.8,1857,369,50
C1591,Schroeder-Herrera,1,148,1.61,148,1,2
C1592,"Silva, Collins and Williams",0,3513,11.32,3511,66,33
C1593,Woods-Allen,0,857,4.77,835,485,39
C1594,Warren-Solomon,0,1850,1.43,1833,424,43
C1595,Proctor-Nicholson,0,166,11.42,158,223,11
C1596,Torres Inc,0,2609,8.45,2585,79,33
C1597,Davis-Logan,0,2585,11.23,2572,347,1
C1598,Cook-Henderson,0,3090,1.48,3067,432,31
C1599,Abbott LLC,0,3212,1.34,3210,68,27
C1600,Harrison-Johnson,0,62,10.41,51,484,29
C1601,"Robertson, Knapp and Young",1,149,0.36,141,3,1
C1602,Freeman-Reed,0,1510,4.77,1504,64,4
C1603,"Brewer, Bradley and Joyce",1,168,1.29,164,0,1
C1604,"Ramos, Little and Wright",0,3090,3.3,3070,458,0
C1605,"Lopez, Tanner and Lopez",0,2846,11.62,2839,236,29
C1606,Sanchez Group,0,1447,10.18,1439,417,38
C1607,Thompson LLC,1,80,1.17,78,3,1
C1608,Williams Group,0,79,2.38,77,223,10
C1609,Davidson-Morrow,0,3359,8.06,3341,268,36
C1610,Ware Inc,0,3381,6.06,3359,280,13
C1611,"Wise, Miller and Grimes",0,1279,2.24,1271,200,45
C1612,Hardy-Rose,0,698,2.97,684,323,7
C1613,Nielsen Ltd,0,1949,1.97,1934,106,47
C1614,Shaw Group,0,138,1.1,127,319,16
C1615,Mosley-Johnson,0,1444,7.22,1421,379,33
C1616,King Ltd,0,3313,5.04,3294,397,44
C1617,Schmidt-Newton,1,22,0.16,18,2,1
C1618,"Wilson, James and Hernandez",0,806,7.77,802,220,34
C1619,Mendez-Avila,0,1439,5.62,1425,329,21
C1620,Galloway-Dunn,0,3058,9.09,3035,173,19
C1621,"Clark, Miller and Davenport",0,247,7.72,224,192,41
C1622,Jones-Jones,0,887,5.04,876,412,6
C1623,Jensen-Carter,0,726,3.64,705,120,36
C1624,"Savage, Sanders and Lynch",0,2283,9.99,2270,156,19
C1625,Hayes-Sharp,1,184,0.53,180,0,2
C1626,Griffin-Merritt,0,2061,2.62,2038,465,45
C1627,Graves Inc,0,835,7.23,817,149,37
C1628,"Smith, Daniels and Spears",0,2050,8.58,2048,29,48
C1629,Williams Ltd,0,2767,5.11,2743,409,38
C1630,Hendricks-Rodriguez,0,2258,9.16,2250,23,14
C1631,"Anderson, Hanna and Rhodes",0,2506,2.45,2486,301,6
C1632,Shepherd Inc,0,1651,8.96,1648,385,45
C1633,"Weiss, Clark and Carr",0,3398,5.62,3381,320,26
C1634,"Brewer, Thomas and Whitehead",0,2404,5.43,2389,293,15
C1635,Walker-Chen,1,14,1.5,10,3,2
C1636,Ferguson Inc,0,3565,7.69,3543,163,47
C1637,Craig Inc,0,2262,5.26,2261,73,35
C1638,Douglas Inc,0,2361,7.95,2341,262,11
C1639,Alvarado PLC,0,3225,8.1,3217,333,28
C1640,"Harris, Park and Sanchez",1,178,1.41,177,2,2
C1641,"Rios, Rollins and Griffin",0,1791,2.59,1768,490,40
C1642,Hill Group,0,1364,3.16,1356,351,5
C1643,"Blake, Howard and Coleman",0,2356,2.26,2335,183,10
C1644,Parker Group,0,2482,2.11,2477,233,25
C1645,Young LLC,0,736,1.12,730,315,37
C1646,"Stanley, Lucero and Stewart",1,13,1.0,12,1,0
C1647,Nichols-Phillips,0,2236,7.6,2227,466,2
C1648,Stewart-Trevino,0,768,7.01,754,368,31
C1649,"Gardner, Dickson and Bell",0,741,2.5,735,301,8
C1650,Bautista Group,0,1670,8.5,1650,148,44
C1651,Gardner PLC,0,2124,4.95,2114,211,4
C1652,Lee-Benson,0,82,11.61,72,178,8
C1653,Saunders-Riddle,1,15,1.98,8,1,2
C1654,Gutierrez Inc,0,3530,11.94,3515,298,35
C1655,Rogers-Clark,0,500,5.66,484,93,33
C1656,Ball PLC,0,1459,10.99,1439,331,34
C1657,Hopkins-Martin,1,144,1.81,136,0,1
C1658,Mccoy PLC,0,1710,5.63,1694,390,5
C1659,Walsh and Sons,0,156,5.67,136,109,0
C1660,"Stewart, Williams and Tapia",0,3218,1.54,3214,352,0
C1661,Harris-Long,1,150,1.94,149,3,0
C1662,Brown-Gonzalez,0,2495,10.39,2489,428,23
C1663,Le-Mcguire,0,3450,10.84,3446,47,47
C1664,Simmons-Hernandez,0,3254,9.3,3240,23,49
C1665,Scott-Ruiz,0,2277,11.13,2272,272,32
C1666,Lucas PLC,0,2233,9.83,2229,297,5
C1667,Reed-Nicholson,0,2116,6.96,2105,376,12
C1668,Sellers Group,0,1777,4.3,1770,225,6
C1669,Williams-Jimenez,0,3592,7.15,3591,51,30
C1670,"Martinez, Chavez and Martinez",0,637,5.54,635,272,48
C1671,Powers Group,0,1363,7.13,1345,73,29
C1672,Boyer-Diaz,1,28,1.48,23,3,1
C1673,Schmidt Inc,0,2693,7.77,2677,357,40
C1674,"Trujillo, Marshall and Young",1,186,1.79,184,0,2
C1675,"Navarro, Bell and Nelson",1,108,0.53,108,2,1
C1676,Morales-Levine,1,114,1.29,109,0,0
C1677,"Hunter, Wagner and Vasquez",0,1235,2.25,1222,178,19
C1678,Pennington Group,0,949,4.06,937,160,47
C1679,Fields Group,0,2114,6.75,2096,57,5
C1680,"Conrad, Galloway and Conner",0,2343,3.47,2325,84,20
C1681,"Mckenzie, Howe and Reed",0,2237,3.22,2221,236,41
C1682,"Johnston, Barker and Daniel",0,2091,4.16,2076,141,15
C1683,"Clarke, Lewis and Phillips",0,1906,4.94,1903,433,7
C1684,Williams PLC,0,604,9.48,585,56,34
C1685,"Wilson, Avila and Hale",0,479,11.17,479,468,49
C1686,Ortega PLC,1,184,0.55,183,0,2
C1687,Andrews and Sons,0,2187,2.17,2172,418,32
C1688,"Bell, York and Rogers",0,3572,7.57,3570,337,50
C1689,Ross-French,0,2364,5.36,2353,208,41
C1690,Miller and Sons,0,1835,10.95,1831,149,41
C1691,Richardson PLC,0,594,3.33,582,229,9
C1692,Walker-Wilson,0,3304,4.21,3290,318,31
C1693,White-Hutchinson,0,1780,2.86,1763,487,0
C1694,Osborn Ltd,0,575,5.72,561,425,20
C1695,Stevenson Ltd,0,1132,11.86,1111,123,12
C1696,Ruiz Group,0,3259,1.38,3255,67,8
C1697,"Vega, Adams and Hickman",0,2020,10.94,2006,194,30
C1698,"Buchanan, Morris and Turner",0,1156,2.6,1153,189,49
C1699,"Rangel, Velasquez and Santiago",0,3346,8.68,3334,83,30
C1700,Taylor-Morales,0,606,10.77,603,73,47
C1701,Jones-Moore,0,477,6.42,474,88,7
C1702,Day-Walker,0,949,4.23,937,36,28
C1703,Reynolds-Burton,0,2290,3.04,2273,108,9
C1704,Jackson LLC,0,1215,9.22,1204,227,26
C1705,Jones-Stevens,0,657,8.91,646,155,4
C1706,Bennett-Pearson,0,1891,10.97,1884,267,15
C1707,"Byrd, Wiggins and Hunter",0,2484,11.64,2470,72,3
C1708,"Martin, Greene and Gibson",0,2818,10.3,2808,363,13
C1709,Little-Sullivan,0,2097,4.61,2087,441,33
C1710,"Miller, Baker and Hughes",0,112,8.65,90,46,30
C1711,Pitts Inc,0,2075,8.8,2058,383,20
C1712,"Martinez, Adams and Johnson",0,2632,1.58,2622,223,40
C1713,Cohen PLC,0,784,8.01,764,206,6
C1714,"Duran, Wilson and Chan",0,2475,4.28,2468,272,44
C1715,Riley Group,0,2704,4.19,2687,171,49
C1716,Bartlett-Davis,0,2999,1.72,2977,378,44
C1717,Ali PLC,0,747,2.64,740,40,17
C1718,"Henry, Rojas and Johnson",0,374,11.24,360,413,20
C1719,"Faulkner, Ortega and Long",0,78,1.53,63,406,10
C1720,Shaffer Ltd,1,24,1.3,15,0,0
C1721,"Shaw, Stone and Bowen",0,188,3.64,164,71,33
C1722,"Gilbert, Brown and Atkinson",0,492,2.73,480,23,18
C1723,"Hall, Branch and Jenkins",0,2872,4.75,2855,143,11
C1724,"Green, Gonzalez and Summers",0,3581,2.96,3557,164,50
C1725,Martin Ltd,0,877,3.95,874,338,12
C1726,Munoz Ltd,0,2768,1.14,2751,138,13
C1727,Gibson and Sons,0,3533,9.21,3530,147,11
C1728,Allen and Sons,0,1547,1.8,1529,139,1
C1729,"Romero, Sims and Robbins",0,1453,6.85,1435,425,28
C1730,Mitchell-Jackson,0,2334,8.83,2314,142,23
C1731,"Ramirez, Leonard and Murphy",0,952,2.19,945,471,34
C1732,"Horton, Ruiz and Fritz",0,2031,3.41,2011,172,17
C1733,"Munoz, Butler and Johnson",0,1398,11.11,1385,217,34
C1734,"Klein, Larson and Fuentes",0,3633,1.33,3614,146,11
C1735,"Pruitt, Ramirez and Williams",0,3068,9.34,3054,290,12
C1736,"Snyder, Stafford and Johnson",0,3179,11.25,3156,247,37
C1737,Miller Inc,0,457,6.5,444,118,28
C1738,Pierce Group,0,2004,8.31,1993,494,43
C1739,"Brown, Cohen and Freeman",1,102,0.88,102,2,1
C1740,"Martinez, Hartman and Edwards",0,1593,2.57,1574,267,7
C1741,"Montes, Dyer and Peterson",0,719,6.63,711,444,49
C1742,"Navarro, Cohen and Warren",0,1298,3.95,1286,462,50
C1743,Montgomery PLC,1,184,1.28,180,3,1
C1744,"Jenkins, Mcdonald and Collins",0,95,11.08,74,271,16
C1745,Goodman Group,0,906,10.72,890,192,22
C1746,Moore-Ford,0,1230,6.4,1227,371,12
C1747,"White, Wang and Figueroa",0,1875,9.65,1866,201,28
C1748,Rodriguez-Burgess,0,630,8.21,624,95,25
C1749,Perez PLC,0,832,7.32,811,134,46
C1750,Nixon PLC,0,1395,11.36,1371,311,33
C1751,Hernandez and Sons,1,166,1.21,158,2,1
C1752,"Alexander, Morse and Perez",0,236,10.16,215,414,40
C1753,"Jones, Sanchez and Olsen",0,1881,1.27,1866,398,6
C1754,Castro Group,0,2200,3.99,2200,455,46
C1755,"Thompson, Anderson and Lucas",0,3569,3.27,3559,221,18
C1756,"Simpson, Carter and Friedman",0,2950,8.09,2928,74,25
C1757,"Wheeler, Taylor and Mcclain",0,1736,10.25,1731,315,33
C1758,"Marshall, Brown and Rios",0,1501,6.35,1483,432,24
C1759,Smith and Sons,1,10,1.76,9,2,0
C1760,Johnson Ltd,0,1334,1.76,1325,45,29
C1761,"Johnson, Turner and Carter",0,2875,9.84,2874,10,43
C1762,"Edwards, Ali and Mcpherson",0,2342,3.09,2330,356,1
C1763,Miles-Ray,0,2871,2.84,2861,499,20
C1764,Sanchez-Barnes,0,2539,9.93,2538,443,27
C1765,Lucas-Stokes,0,2057,10.18,2048,288,28
C1766,Williams PLC,0,1924,4.96,1919,133,32
C1767,Jones Inc,0,197,8.04,173,33,33
C1768,King-Parks,0,335,8.02,319,18,0
C1769,Parker Inc,0,221,4.92,219,113,14
C1770,Paul-Barber,0,2734,10.32,2734,197,14
C1771,Miller-Reed,0,2252,9.66,2233,197,41
C1772,Jones PLC,0,704,9.72,685,488,30
C1773,"Hill, Cowan and Petersen",0,1736,11.12,1730,254,35
C1774,Bryant Inc,0,472,6.94,452,108,28
C1775,Bailey-Reese,0,283,3.34,259,99,29
C1776,Clark-Ball,0,47,2.12,35,210,10
C1777,Bush-Perez,0,1012,11.32,1000,472,0
C1778,"Rollins, Martinez and Edwards",0,856,2.84,847,460,32
C1779,Montoya-Flores,0,560,8.72,547,255,38
C1780,Evans-Bennett,1,145,0.89,138,0,0
C1781,Middleton Ltd,0,505,4.57,485,95,12
C1782,"Bailey, Cole and Alexander",0,650,2.2,634,85,25
C1783,Rodriguez-Cisneros,0,784,4.0,781,154,21
C1784,Phillips PLC,0,3447,4.02,3429,281,11
C1785,"Guzman, Proctor and Cooper",1,19,0.39,19,0,1
C1786,Jones-King,0,1212,7.79,1188,12,0
C1787,"Mcintyre, Evans and Barnett",0,1388,5.17,1374,309,8
C1788,Simmons Inc,0,181,7.69,157,339,0
C1789,Lambert Group,0,915,4.93,906,41,30
C1790,Huffman and Sons,0,2617,9.06,2597,422,32
C1791,"Clayton, Collier and Stevenson",1,62,0.74,62,1,0
C1792,Moore Group,0,1850,8.92,1831,266,39
C1793,"Terry, Wiggins and Davis",0,3320,10.31,3307,357,31
C1794,"Peck, Myers and Wood",0,3043,11.16,3025,483,42
C1795,"Richardson, Hodge and Meyers",1,82,1.04,80,1,1
C1796,Mosley PLC,0,1450,4.4,1450,443,34
C1797,Kerr-Burton,0,243,10.46,228,365,8
C1798,Vincent-Harris,1,106,1.53,97,2,2
C1799,Williams-Alvarez,1,181,0.27,176,3,2
C1800,Kline PLC,0,3124,5.03,3115,86,13
C1801,Sanford and Sons,0,2844,5.74,2823,50,49
C1802,"Payne, Harris and Duran",0,2997,11.6,2987,29,23
C1803,"Jones, Collins and Hall",1,62,0.25,55,1,2
C1804,"House, Soto and Hall",0,2551,10.76,2544,22,38
C1805,Martinez-Smith,0,2639,11.17,2627,471,35
C1806,Rodriguez-Sutton,0,1116,10.43,1109,61,1
C1807,Jackson PLC,0,330,1.22,318,203,16
C1808,"Mccarty, Miller and Boyer",1,167,1.72,159,2,0
C1809,Sanchez Inc,0,2767,1.2,2759,141,4
C1810,Sweeney-Martinez,0,3255,7.02,3254,199,12
C1811,"Sandoval, Turner and Mcguire",1,34,0.67,29,3,1
C1812,"Holder, Evans and Brown",1,44,0.87,41,0,0
C1813,Nelson Inc,0,1238,8.01,1216,312,7
C1814,Bell Group,0,2238,5.85,2238,465,27
C1815,Estrada-Nicholson,0,108,2.31,94,237,50
C1816,"Poole, Lee and Gutierrez",1,82,0.32,78,0,1
C1817,Fernandez Group,0,3122,10.13,3098,481,4
C1818,"Shepard, Ewing and Mccarty",1,15,1.8,11,0,0
C1819,"Johnson, Garcia and Hill",0,581,1.3,577,205,21
C1820,Dixon Ltd,0,3363,10.66,3342,494,20
C1821,Martin Inc,0,1518,10.31,1510,403,14
C1822,Campbell-King,1,133,1.57,132,0,2
C1823,Harris Group,0,241,6.41,235,42,43
C1824,Lowe Inc,1,182,1.41,176,2,2
C1825,Davis-Nguyen,0,3255,9.35,3240,389,10
C1826,"Taylor, Williams and Allen",0,873,6.34,857,195,23
C1827,Fields-Anderson,0,3131,7.39,3130,270,47
C1828,Nash LLC,0,2311,8.83,2298,280,6
C1829,"Parrish, Sheppard and Thomas",0,562,8.19,549,156,47
C1830,"Wilson, Davis and Rodriguez",0,2149,9.94,2135,157,38
C1831,Martin-Mcdaniel,0,432,1.64,417,194,24
C1832,Barker-Jordan,0,2944,6.03,2943,446,39
C1833,Washington-Lamb,0,829,4.3,828,117,38
C1834,Wolfe and Sons,0,1795,2.86,1794,147,23
C1835,"Williamson, Wright and Jones",0,2173,8.63,2159,175,16
C1836,Jensen Inc,0,3248,5.4,3243,44,14
C1837,"Gardner, Jones and Austin",0,2082,9.27,2059,82,7
C1838,"Johnson, Osborne and Wise",0,3004,9.62,3000,474,23
C1839,"Jimenez, Salas and Jackson",1,93,0.82,84,1,1
C1840,Thompson and Sons,0,1747,9.67,1727,198,46
C1841,Smith-Pennington,0,1975,11.12,1970,194,14
C1842,"Coffey, Young and Dudley",0,2443,1.26,2427,384,41
C1843,Harper Ltd,0,2772,6.71,2766,415,42
C1844,Holloway Inc,1,130,0.71,122,0,1
C1845,Rogers-Lester,0,1480,10.61,1461,14,20
C1846,Washington PLC,0,1438,6.08,1415,288,34
C1847,Gallagher LLC,0,2943,11.75,2919,257,16
C1848,Reyes-Kim,0,629,9.9,607,136,38
C1849,Butler Ltd,0,1418,2.98,1411,147,24
C1850,"Price, King and Jones",1,182,0.31,177,3,0
C1851,"Fowler, Delacruz and Dixon",0,451,4.58,445,67,30
C1852,Garcia-Cruz,0,1648,11.03,1635,90,34
C1853,Wright LLC,0,2841,10.12,2832,62,8
C1854,Bautista Group,0,3163,7.19,3152,341,4
C1855,Chavez and Sons,0,3334,8.83,3317,496,41
C1856,Nichols-Lyons,0,1641,3.53,1636,325,0
C1857,Padilla-Hernandez,0,185,5.96,172,427,34
C1858,Bradley and Sons,0,3464,2.93,3461,122,10
C1859,Cameron LLC,0,561,8.42,542,11,43
C1860,"Tucker, Watson and Phillips",0,2834,1.72,2825,222,25
C1861,"Lara, Bird and Fisher",0,1394,6.77,1391,35,41
C1862,Mckee PLC,1,138,0.15,129,3,0
C1863,Austin Ltd,0,1375,5.02,1362,292,16
C1864,Simon and Sons,0,1918,2.33,1900,52,0
C1865,"Herrera, Vang and Wilson",0,2057,11.05,2044,87,25
C1866,Martin-Pierce,0,3579,1.99,3564,178,38
C1867,Cox-Howard,0,53,9.64,43,404,19
C1868,Sweeney-Joseph,0,2208,9.85,2206,193,10
C1869,"Turner, Smith and Myers",0,3530,9.22,3514,287,15
C1870,Morrison-Moody,0,1986,4.03,1962,479,15
C1871,"Reed, Olson and Crawford",1,125,1.25,124,0,0
C1872,Burgess-Williams,0,492,5.9,486,213,14
C1873,"Gross, Sullivan and Hawkins",0,587,4.24,580,219,4
C1874,"Sandoval, Cherry and Williams",0,2678,10.37,2666,264,50
C1875,Wade-Pierce,1,176,0.19,167,1,2
C1876,Simon and Sons,0,3035,8.65,3033,149,36
C1877,"Huang, Clay and Patterson",1,193,0.56,184,2,2
C1878,Hanson and Sons,0,1230,9.92,1221,415,41
C1879,Ellis LLC,0,242,2.99,223,291,27
C1880,Walton LLC,0,1653,9.84,1647,171,49
C1881,Griffin-Haynes,0,3213,2.25,3213,23,30
C1882,"Cobb, Riley and Salazar",0,3533,4.26,3519,469,26
C1883,"Green, Tran and Hall",0,280,9.23,273,12,31
C1884,Ross Group,0,2939,4.85,2927,100,17
C1885,Richards-Barker,0,225,3.99,211,243,11
C1886,Burgess LLC,0,3347,4.92,3328,171,41
C1887,Brown Group,0,1725,6.44,1709,489,5
C1888,Hill and Sons,0,2738,7.22,2733,248,6
C1889,"Church, Perez and Garcia",0,481,5.34,479,161,22
C1890,Thompson-Love,0,1995,9.02,1986,414,33
C1891,Clay-Franklin,0,2816,5.09,2813,434,35
C1892,Torres LLC,1,57,1.57,53,0,2
C1893,Brown-Dominguez,0,2650,11.13,2644,446,36
C1894,Davis Ltd,1,137,1.72,137,2,0
C1895,Wilcox Inc,0,857,8.3,857,298,35
C1896,Schwartz Inc,0,2517,10.0,2495,36,34
C1897,Brown Group,0,2691,5.11,2687,101,14
C1898,White-Anderson,0,171,11.19,155,347,45
C1899,Martin PLC,0,246,6.45,244,127,26
C1900,"Bruce, Willis and Frost",1,93,0.52,85,1,1
C1901,Nelson-Hunter,0,2784,7.73,2778,458,24
C1902,"Huang, Holden and Chambers",0,2493,5.32,2482,291,19
C1903,King-Carter,0,373,2.47,357,290,9
C1904,Williams-Mata,0,357,11.24,349,292,5
C1905,Wallace-Edwards,0,619,7.22,601,180,34
C1906,"Johnson, Huerta and Brown",0,209,6.85,191,17,0
C1907,Cooper-Rowland,0,2015,9.11,2013,449,24
C1908,"Rhodes, Hood and Jimenez",0,399,11.9,379,178,48
C1909,James PLC,0,1834,7.54,1824,211,16
C1910,Oliver LLC,0,1456,1.83,1443,350,11
C1911,Morales Group,0,3606,1.7,3585,304,36
C1912,"Vazquez, Norris and Hill",0,2445,10.19,2427,436,41
C1913,Day PLC,0,215,7.87,192,190,0
C1914,"George, Rodriguez and Edwards",0,433,11.43,422,351,41
C1915,Clark Ltd,0,773,2.79,750,239,17
C1916,Short LLC,0,1131,7.62,1108,108,28
C1917,Soto-Anderson,1,144,0.27,144,0,2
C1918,Fitzgerald Inc,0,3276,5.9,3257,113,32
C1919,Marshall-Castaneda,0,2288,6.03,2270,449,13
C1920,Ramirez-Mitchell,0,2920,1.62,2903,490,28
C1921,Bell Group,0,3411,1.33,3404,402,0
C1922,Bray PLC,1,200,0.97,195,0,1
C1923,Bennett PLC,1,79,1.16,79,0,0
C1924,Thomas-Warren,0,62,11.41,60,269,12
C1925,Brown LLC,0,2652,9.52,2641,60,49
C1926,"Perez, Scott and Perez",0,3334,8.05,3315,94,22
C1927,Vasquez-Henry,0,1729,7.39,1713,429,24
C1928,Kline-Le,0,3596,4.98,3589,434,8
C1929,"Hayes, Phillips and Patrick",0,1549,2.26,1531,353,18
C1930,Holmes and Sons,0,2437,1.37,2419,69,38
C1931,Jones-Thomas,0,2439,1.45,2416,344,9
C1932,Jordan Ltd,0,1902,6.57,1901,166,46
C1933,"Turner, Taylor and Hamilton",0,3081,6.79,3078,471,24
C1934,Lewis-Walker,0,3476,6.89,3475,208,18
C1935,"Manning, Walker and Lara",0,500,6.34,486,352,47
C1936,Beasley and Sons,0,1218,5.04,1214,261,20
C1937,Mason Inc,0,1087,5.19,1075,203,3
C1938,"Finley, Thomas and Evans",0,564,11.95,562,470,7
C1939,"Woods, Washington and Bryan",0,2268,1.84,2255,203,38
C1940,"Harding, Cole and Vasquez",0,778,6.3,777,403,21
C1941,"Perez, Bell and Jones",0,2645,10.64,2634,381,32
C1942,"Valencia, Craig and Ewing",1,101,0.42,95,3,1
C1943,Peterson Ltd,0,690,4.54,671,348,37
C1944,Hughes PLC,0,3253,4.34,3242,283,33
C1945,Coleman Group,0,2092,2.54,2083,416,2
C1946,"Ross, Blackwell and Suarez",0,275,8.83,274,15,7
C1947,Hernandez Ltd,1,51,0.11,46,1,0
C1948,Anderson Ltd,0,2693,2.49,2683,384,6
C1949,Bailey-Haynes,0,1749,8.41,1749,136,38
C1950,Clay-Roth,0,3259,3.36,3248,342,24
C1951,Barnes Group,0,2182,10.18,2166,346,33
C1952,Morales and Sons,0,2918,9.1,2906,193,17
C1953,"Jackson, Collier and Wilkinson",0,139,11.67,133,68,48
C1954,"Brooks, Hill and Cain",0,2524,2.77,2523,40,3
C1955,"Peterson, Baker and Walter",0,2117,9.25,2115,113,34
C1956,"Craig, Ortiz and Carr",0,3100,7.11,3082,318,9
C1957,"Ball, Sandoval and Thompson",1,200,0.48,192,3,0
C1958,"Lewis, Bird and Solis",0,3424,8.8,3405,402,32
C1959,"Richards, Ray and Kelly",0,3558,1.51,3553,54,36
C1960,"Taylor, Reid and Fowler",0,2834,6.15,2814,163,26
C1961,"Lewis, Smith and Garrett",1,133,0.45,130,1,2
C1962,Williamson-Stevens,0,1414,5.07,1412,234,37
C1963,Taylor-Burch,0,2915,2.74,2904,43,6
C1964,"Miller, Smith and Jensen",0,2851,1.9,2842,474,50
C1965,Hernandez LLC,0,3485,3.98,3473,461,11
C1966,Morgan and Sons,0,283,10.59,266,42,46
C1967,"Malone, Dudley and Mendez",0,1959,9.27,1954,48,35
C1968,"Miller, Kemp and Evans",0,3121,2.52,3111,324,38
C1969,Reynolds Inc,0,3321,3.46,3310,345,46
C1970,Fernandez-Knight,0,2592,5.19,2573,440,3
C1971,Brooks Group,0,964,7.38,942,100,4
C1972,Lewis Ltd,0,2675,6.91,2674,484,25
C1973,"Goodman, Davidson and Greene",0,821,6.32,809,73,9
C1974,Nolan and Sons,0,1272,6.2,1253,184,30
C1975,Webster-White,0,1130,5.33,1114,433,16
C1976,"Johnson, Holmes and Collier",0,1126,3.19,1120,319,18
C1977,"Reed, Brady and Hunt",0,596,5.17,588,218,31
C1978,Hernandez Inc,0,1545,9.96,1542,328,39
C1979,Rodriguez PLC,0,2683,4.46,2668,178,45
C1980,"Mack, Lambert and Carey",0,1166,8.88,1159,61,37
C1981,Garcia-Davis,0,2106,3.49,2094,469,35
C1982,Kramer-Simpson,0,3579,3.41,3574,40,15
C1983,"Wilkinson, Morgan and Villanueva",0,3395,7.52,3371,128,33
C1984,"Payne, Valencia and Kelly",1,124,0.21,121,3,0
C1985,Wilson LLC,0,1214,11.43,1204,330,21
C1986,Foster and Sons,0,1587,3.17,1571,409,22
C1987,Figueroa LLC,0,3470,3.37,3454,2,18
C1988,Rodriguez-Kennedy,0,1303,2.31,1302,262,9
C1989,Contreras-Davis,0,110,5.63,110,233,10
C1990,Stanley Group,0,3155,10.57,3148,325,9
C1991,"Craig, Davis and Meyer",1,155,0.34,153,1,2
C1992,Martinez-White,0,2200,4.64,2176,340,32
C1993,Levine Ltd,1,80,1.26,74,1,1
C1994,Patterson-Cunningham,0,2651,6.44,2643,419,34
C1995,Bernard Inc,0,1122,8.2,1105,466,14
C1996,Johnson-Nunez,0,1757,10.75,1741,342,36
C1997,Henderson-Murphy,0,689,1.9,681,296,46
C1998,Gonzalez Ltd,0,1283,6.34,1266,77,39
C1999,Brown PLC,0,1812,7.31,1797,66,41
